{
"type": "FeatureCollection",
"name": "boundary",
"features": [
{ "type": "Feature", "properties": { }, "geometry": { "type": "Polygon", "coordinates": [ [ [ 13.5336821, 9.3178999 ], [ 13.5339117, 9.3163255 ], [ 13.5330576, 9.3145553 ], [ 13.5305357, 9.3128698 ], [ 13.5276253, 9.31102 ], [ 13.5245745, 9.3096326 ], [ 13.5240897, 9.3083231 ], [ 13.5242672, 9.3067572 ], [ 13.5250603, 9.3045214 ], [ 13.5260268, 9.3018006 ], [ 13.5279996, 9.2984699 ], [ 13.5313568, 9.296624 ], [ 13.5343605, 9.2954341 ], [ 13.5393137, 9.2936847 ], [ 13.5442465, 9.2916437 ], [ 13.5455688, 9.2897338 ], [ 13.546148, 9.2865828 ], [ 13.5461961, 9.2821586 ], [ 13.5469233, 9.2789738 ], [ 13.5489403, 9.2743101 ], [ 13.5519835, 9.2723818 ], [ 13.5549555, 9.2704264 ], [ 13.5577188, 9.2691399 ], [ 13.5605554, 9.2671619 ], [ 13.561525, 9.2647659 ], [ 13.5612714, 9.2601483 ], [ 13.5602564, 9.2578963 ], [ 13.5601179, 9.257638 ], [ 13.558918, 9.2554003 ], [ 13.5577841, 9.2525996 ], [ 13.5572496, 9.2503057 ], [ 13.5576667, 9.2479899 ], [ 13.5592309, 9.2455198 ], [ 13.5612475, 9.242498 ], [ 13.562672, 9.2400648 ], [ 13.5640277, 9.2378519 ], [ 13.5666433, 9.2368661 ], [ 13.5685345, 9.2352119 ], [ 13.5706493, 9.2317792 ], [ 13.5733417, 9.2298013 ], [ 13.575394, 9.2271475 ], [ 13.5750696, 9.2219761 ], [ 13.5752587, 9.218037 ], [ 13.5774967, 9.2146681 ], [ 13.580347, 9.2122461 ], [ 13.5822355, 9.2097169 ], [ 13.5825741, 9.2080427 ], [ 13.584236, 9.2065894 ], [ 13.588431, 9.2060591 ], [ 13.5937039, 9.2052761 ], [ 13.5978826, 9.2034931 ], [ 13.600617, 9.2014298 ], [ 13.6025146, 9.1996162 ], [ 13.6024791, 9.1968732 ], [ 13.6043628, 9.1939862 ], [ 13.6073184, 9.1904892 ], [ 13.6113486, 9.1865012 ], [ 13.6135953, 9.1838479 ], [ 13.6163156, 9.1807118 ], [ 13.6192715, 9.1772143 ], [ 13.6217596, 9.1746774 ], [ 13.6238968, 9.1728607 ], [ 13.6253146, 9.171113 ], [ 13.6257773, 9.1697951 ], [ 13.6258604, 9.1669312 ], [ 13.6272588, 9.1636926 ], [ 13.6295747, 9.1616969 ], [ 13.6319854, 9.1579064 ], [ 13.6344779, 9.1557273 ], [ 13.6374531, 9.1537804 ], [ 13.6391259, 9.1531627 ], [ 13.6416354, 9.1522954 ], [ 13.644497, 9.1508272 ], [ 13.6465153, 9.1491316 ], [ 13.6475629, 9.1466132 ], [ 13.6490735, 9.1427764 ], [ 13.6497548, 9.139786 ], [ 13.6500644, 9.1359049 ], [ 13.6493165, 9.1337674 ], [ 13.6486867, 9.1315095 ], [ 13.6490064, 9.1284037 ], [ 13.6499158, 9.1244557 ], [ 13.6504846, 9.122063 ], [ 13.6536999, 9.1201131 ], [ 13.6555999, 9.1185384 ], [ 13.6578547, 9.1166008 ], [ 13.6595103, 9.1146709 ], [ 13.6598486, 9.1129969 ], [ 13.6600589, 9.1107276 ], [ 13.6626975, 9.1105749 ], [ 13.6652112, 9.1100653 ], [ 13.6684308, 9.1084731 ], [ 13.6711688, 9.1067682 ], [ 13.6735387, 9.1044116 ], [ 13.6761486, 9.1021121 ], [ 13.6797235, 9.1001575 ], [ 13.6842507, 9.0975944 ], [ 13.6872174, 9.0950514 ], [ 13.6885003, 9.0921723 ], [ 13.6883272, 9.0881189 ], [ 13.686615, 9.0856362 ], [ 13.6855942, 9.0809976 ], [ 13.6853374, 9.079689 ], [ 13.6849449, 9.0771893 ], [ 13.6855104, 9.0745577 ], [ 13.6854446, 9.0694898 ], [ 13.6852645, 9.0648398 ], [ 13.6859425, 9.0616106 ], [ 13.6881721, 9.0577654 ], [ 13.6901562, 9.053446 ], [ 13.6928689, 9.0498329 ], [ 13.6947036, 9.0487149 ], [ 13.7057762, 9.0397839 ], [ 13.7121989, 9.0328425 ], [ 13.7126414, 9.0285551 ], [ 13.7033719, 9.0120345 ], [ 13.7063004, 9.0062126 ], [ 13.7358789, 8.9839558 ], [ 13.745703, 8.9765632 ], [ 13.7832323, 8.9622569 ], [ 13.7886179, 8.9699689 ], [ 13.7939729, 8.975862 ], [ 13.7994545, 8.9822305 ], [ 13.803355, 8.9869501 ], [ 13.8073701, 8.9912507 ], [ 13.8093208, 8.9936101 ], [ 13.8140675, 8.9987956 ], [ 13.8240364, 8.9997382 ], [ 13.8415831, 9.0023097 ], [ 13.8441255, 9.0040649 ], [ 13.8468174, 9.0080244 ], [ 13.8472425, 9.0129078 ], [ 13.8463576, 9.018524 ], [ 13.8489479, 9.023856 ], [ 13.8500896, 9.0284916 ], [ 13.8494211, 9.0323168 ], [ 13.851409, 9.0374183 ], [ 13.8550351, 9.039457 ], [ 13.8500809, 9.0457232 ], [ 13.8436247, 9.056303 ], [ 13.8385601, 9.0632868 ], [ 13.8486062, 9.069891 ], [ 13.8571008, 9.0770523 ], [ 13.8675274, 9.0851411 ], [ 13.873097, 9.0888823 ], [ 13.8773473, 9.0838171 ], [ 13.8819275, 9.0765414 ], [ 13.8945586, 9.0702908 ], [ 13.9019579, 9.0674491 ], [ 13.9071733, 9.0716715 ], [ 13.9105611, 9.0737722 ], [ 13.913346, 9.0756421 ], [ 13.9158648, 9.0756082 ], [ 13.9170931, 9.0777379 ], [ 13.9178485, 9.0803511 ], [ 13.9176512, 9.0834543 ], [ 13.9140912, 9.0863044 ], [ 13.9093519, 9.0906609 ], [ 13.9109651, 9.094574 ], [ 13.9076797, 9.0999841 ], [ 13.9053559, 9.1055 ], [ 13.9064778, 9.1085855 ], [ 13.9101383, 9.1130669 ], [ 13.9151289, 9.1183054 ], [ 13.9190349, 9.1231415 ], [ 13.9243634, 9.1267651 ], [ 13.9324728, 9.1319016 ], [ 13.9398653, 9.1372852 ], [ 13.9437553, 9.1409286 ], [ 13.9446309, 9.1435399 ], [ 13.9453243, 9.150267 ], [ 13.9476444, 9.1532162 ], [ 13.9515149, 9.1554282 ], [ 13.9568011, 9.1559523 ], [ 13.9608061, 9.1592354 ], [ 13.9626602, 9.1631445 ], [ 13.9597406, 9.1689077 ], [ 13.9596825, 9.1733201 ], [ 13.9611323, 9.1826598 ], [ 13.9621666, 9.1880109 ], [ 13.9631697, 9.1996814 ], [ 13.964201, 9.2047942 ], [ 13.9696062, 9.2137213 ], [ 13.9758772, 9.2244843 ], [ 13.9795436, 9.2292021 ], [ 13.9810655, 9.2350233 ], [ 13.9817643, 9.2420477 ], [ 13.9827761, 9.2457298 ], [ 13.9872165, 9.2457277 ], [ 13.9956199, 9.2459682 ], [ 14.0004878, 9.2422042 ], [ 14.0056935, 9.2370047 ], [ 14.0121249, 9.233577 ], [ 14.0183634, 9.23343 ], [ 14.0232703, 9.2325266 ], [ 14.0280687, 9.2324593 ], [ 14.0338358, 9.2329748 ], [ 14.0398465, 9.2337245 ], [ 14.0450274, 9.2352016 ], [ 14.0524434, 9.2336069 ], [ 14.0564318, 9.2355771 ], [ 14.0603018, 9.2376683 ], [ 14.0665772, 9.2402024 ], [ 14.0704319, 9.2412208 ], [ 14.0747062, 9.238061 ], [ 14.0803391, 9.2376235 ], [ 14.0850728, 9.2414305 ], [ 14.0916023, 9.244914 ], [ 14.0944162, 9.2486883 ], [ 14.096388, 9.2522364 ], [ 14.0997914, 9.2552876 ], [ 14.1043763, 9.2570103 ], [ 14.1084685, 9.2579053 ], [ 14.1131684, 9.2592685 ], [ 14.1178861, 9.2619425 ], [ 14.1205241, 9.261845 ], [ 14.1233963, 9.2613274 ], [ 14.1262477, 9.2593791 ], [ 14.1300452, 9.2564639 ], [ 14.1341096, 9.2554521 ], [ 14.1404579, 9.2546457 ], [ 14.1426519, 9.2569979 ], [ 14.1465454, 9.260756 ], [ 14.1513531, 9.2612831 ], [ 14.1529154, 9.2614391 ], [ 14.1602754, 9.264313 ], [ 14.1618245, 9.2635754 ], [ 14.1670802, 9.2619498 ], [ 14.1704718, 9.2641655 ], [ 14.1750409, 9.2648145 ], [ 14.1871831, 9.266486 ], [ 14.1937894, 9.2669857 ], [ 14.2000159, 9.26618 ], [ 14.203823, 9.2639792 ], [ 14.2111242, 9.2628001 ], [ 14.2186908, 9.2634048 ], [ 14.2234981, 9.2639308 ], [ 14.2200048, 9.2710732 ], [ 14.2183816, 9.2749106 ], [ 14.216815, 9.2825615 ], [ 14.215607, 9.2900878 ], [ 14.213409, 9.2956021 ], [ 14.2106087, 9.3009473 ], [ 14.209383, 9.3072819 ], [ 14.2111337, 9.3120238 ], [ 14.2183793, 9.3151355 ], [ 14.2252539, 9.3175373 ], [ 14.2275991, 9.3219122 ], [ 14.2296979, 9.325874 ], [ 14.2332426, 9.3302316 ], [ 14.2389175, 9.3325313 ], [ 14.2478946, 9.3310878 ], [ 14.2499624, 9.3329642 ], [ 14.2519451, 9.3371059 ], [ 14.2585011, 9.3421926 ], [ 14.2634463, 9.3439069 ], [ 14.2665424, 9.3423119 ], [ 14.2725667, 9.34401 ], [ 14.2808374, 9.3434099 ], [ 14.2805256, 9.3466322 ], [ 14.2808506, 9.3522283 ], [ 14.2827144, 9.3564912 ], [ 14.2836378, 9.3613187 ], [ 14.2807907, 9.3602612 ], [ 14.2737952, 9.3578629 ], [ 14.2706667, 9.3573139 ], [ 14.2685198, 9.3581797 ], [ 14.2630844, 9.3637429 ], [ 14.2579005, 9.3701362 ], [ 14.2537591, 9.3740118 ], [ 14.2485803, 9.3807626 ], [ 14.2461331, 9.3855663 ], [ 14.2433182, 9.3898987 ], [ 14.2397834, 9.3942417 ], [ 14.2348337, 9.4002741 ], [ 14.2321412, 9.4048428 ], [ 14.2303868, 9.4078486 ], [ 14.2290079, 9.4119214 ], [ 14.2299127, 9.4161985 ], [ 14.2286469, 9.4197928 ], [ 14.2250739, 9.4216337 ], [ 14.2233075, 9.4239246 ], [ 14.2206877, 9.4252743 ], [ 14.2180648, 9.4265053 ], [ 14.2159371, 9.4286822 ], [ 14.214387, 9.429301 ], [ 14.2124734, 9.4298063 ], [ 14.2115356, 9.4312505 ], [ 14.2118413, 9.4356554 ], [ 14.2107833, 9.4371013 ], [ 14.2088732, 9.4378448 ], [ 14.2077076, 9.4401268 ], [ 14.2065617, 9.4437194 ], [ 14.205386, 9.4454052 ], [ 14.2040804, 9.4463785 ], [ 14.2023938, 9.4459266 ], [ 14.2000919, 9.4445305 ], [ 14.1976698, 9.4431362 ], [ 14.1954989, 9.4424532 ], [ 14.1892985, 9.4429295 ], [ 14.1885923, 9.4461311 ], [ 14.186829, 9.4486602 ], [ 14.1866327, 9.4515236 ], [ 14.1871303, 9.4527078 ], [ 14.1871643, 9.4549721 ], [ 14.1863436, 9.4562951 ], [ 14.1845457, 9.4564411 ], [ 14.1818273, 9.4593419 ], [ 14.1795485, 9.459495 ], [ 14.178128, 9.4608269 ], [ 14.1790219, 9.4643894 ], [ 14.1790577, 9.4667731 ], [ 14.177161, 9.4683508 ], [ 14.1767314, 9.4716941 ], [ 14.176985, 9.4726443 ], [ 14.1741706, 9.4770962 ], [ 14.1720423, 9.4792732 ], [ 14.1671857, 9.483636 ], [ 14.1556442, 9.4906001 ], [ 14.1540341, 9.495273 ], [ 14.151455, 9.4994828 ], [ 14.1498181, 9.5023677 ], [ 14.1469281, 9.5018145 ], [ 14.1435823, 9.5029361 ], [ 14.1412018, 9.5042822 ], [ 14.1390214, 9.5030034 ], [ 14.1357761, 9.5028124 ], [ 14.1332558, 9.5028496 ], [ 14.1291931, 9.5042215 ], [ 14.1232307, 9.5069312 ], [ 14.1173837, 9.5094015 ], [ 14.1122781, 9.5132902 ], [ 14.1085972, 9.5160857 ], [ 14.105861, 9.5177951 ], [ 14.1043018, 9.5179373 ], [ 14.1034102, 9.5225988 ], [ 14.102028, 9.5265534 ], [ 14.1008882, 9.5306227 ], [ 14.100032, 9.5376681 ], [ 14.0968654, 9.5427212 ], [ 14.095103, 9.5453704 ], [ 14.0934689, 9.548493 ], [ 14.0924179, 9.5505358 ], [ 14.0907644, 9.5523476 ], [ 14.0892139, 9.5530856 ], [ 14.0880391, 9.5548915 ], [ 14.0863429, 9.553843 ], [ 14.0827798, 9.5565174 ], [ 14.0811903, 9.5546337 ], [ 14.0762799, 9.5555403 ], [ 14.0747701, 9.5590193 ], [ 14.0718371, 9.5637119 ], [ 14.0696987, 9.5652931 ], [ 14.0668434, 9.5671225 ], [ 14.0636874, 9.5730102 ], [ 14.0599074, 9.5772377 ], [ 14.0398524, 9.6018503 ], [ 14.0393546, 9.6087716 ], [ 14.0380497, 9.6109798 ], [ 14.0365129, 9.611556 ], [ 14.0336146, 9.6105248 ], [ 14.0332749, 9.6119604 ], [ 14.0302927, 9.6133151 ], [ 14.0300257, 9.6115313 ], [ 14.027138, 9.6112152 ], [ 14.0263094, 9.612062 ], [ 14.0244111, 9.6136397 ], [ 14.0226019, 9.6131895 ], [ 14.0232216, 9.6144917 ], [ 14.0236001, 9.615678 ], [ 14.0203726, 9.6167986 ], [ 14.0202693, 9.6178725 ], [ 14.0182389, 9.6187368 ], [ 14.0180374, 9.6189119 ], [ 14.0158675, 9.6207978 ], [ 14.0143306, 9.6224896 ], [ 14.0125002, 9.620608 ], [ 14.0102068, 9.6198078 ], [ 14.0088934, 9.6204228 ], [ 14.0063436, 9.6185515 ], [ 14.0028782, 9.6197948 ], [ 14.0020777, 9.6225484 ], [ 13.9983786, 9.6242715 ], [ 13.994777, 9.6244421 ], [ 13.9922722, 9.6256714 ], [ 13.9902673, 9.6282036 ], [ 13.9875183, 9.6291976 ], [ 13.9852821, 9.6323302 ], [ 13.9847109, 9.6343651 ], [ 13.9750969, 9.6423731 ], [ 13.9642475, 9.6346657 ], [ 13.9577157, 9.6329574 ], [ 13.9553654, 9.6297299 ], [ 13.9526988, 9.6302938 ], [ 13.9485477, 9.6343889 ], [ 13.9455144, 9.6358774 ], [ 13.9417407, 9.6385676 ], [ 13.939012, 9.6415439 ], [ 13.9339377, 9.6423952 ], [ 13.9318501, 9.6425656 ], [ 13.9303854, 9.6429364 ], [ 13.9260695, 9.642749 ], [ 13.9227071, 9.6417581 ], [ 13.9212504, 9.641393 ], [ 13.9191262, 9.6412801 ], [ 13.916278, 9.6399518 ], [ 13.9142353, 9.6396461 ], [ 13.9130379, 9.6405442 ], [ 13.9111282, 9.6420462 ], [ 13.9089962, 9.6422671 ], [ 13.9052273, 9.6428289 ], [ 13.9033461, 9.6422285 ], [ 13.9013129, 9.6418764 ], [ 13.8984195, 9.6380998 ], [ 13.8903675, 9.6170857 ], [ 13.8821654, 9.6127522 ], [ 13.8757893, 9.6049923 ], [ 13.8688676, 9.6010295 ], [ 13.8659649, 9.5956357 ], [ 13.8653264, 9.5918594 ], [ 13.8667781, 9.5904634 ], [ 13.8667781, 9.5885539 ], [ 13.8667781, 9.5877513 ], [ 13.8657107, 9.5839462 ], [ 13.8644792, 9.5762145 ], [ 13.8627139, 9.5720045 ], [ 13.8625908, 9.567673 ], [ 13.8613181, 9.5633415 ], [ 13.8585676, 9.5599005 ], [ 13.8578697, 9.5554474 ], [ 13.8598402, 9.5518039 ], [ 13.860415, 9.547877 ], [ 13.8594297, 9.5437071 ], [ 13.855776, 9.5396586 ], [ 13.850316, 9.5371485 ], [ 13.8484276, 9.5333834 ], [ 13.8503981, 9.5268247 ], [ 13.8481813, 9.5239501 ], [ 13.845636, 9.5162576 ], [ 13.8446918, 9.5102653 ], [ 13.8420645, 9.5059735 ], [ 13.8419823, 9.5032203 ], [ 13.8439529, 9.4988474 ], [ 13.8441171, 9.4953248 ], [ 13.8421876, 9.4918426 ], [ 13.8437066, 9.4871457 ], [ 13.8473192, 9.4875911 ], [ 13.8482634, 9.4862144 ], [ 13.8468266, 9.4837039 ], [ 13.8468583, 9.4790156 ], [ 13.8492433, 9.471331 ], [ 13.8485278, 9.4681944 ], [ 13.8512308, 9.4640383 ], [ 13.8513898, 9.4618427 ], [ 13.8503165, 9.4601567 ], [ 13.8459044, 9.4573336 ], [ 13.8449504, 9.4554516 ], [ 13.8463814, 9.4540009 ], [ 13.8455864, 9.4517659 ], [ 13.8421282, 9.4476489 ], [ 13.8412934, 9.4448649 ], [ 13.8422077, 9.4423162 ], [ 13.8416909, 9.4396891 ], [ 13.8382725, 9.4371796 ], [ 13.8364043, 9.4345916 ], [ 13.8368018, 9.4319644 ], [ 13.839306, 9.4293764 ], [ 13.8441156, 9.4273766 ], [ 13.8472558, 9.4252199 ], [ 13.8498395, 9.4198477 ], [ 13.8507538, 9.415495 ], [ 13.8494421, 9.4113383 ], [ 13.8479316, 9.4056914 ], [ 13.8447914, 9.4020444 ], [ 13.8394252, 9.4001229 ], [ 13.836126, 9.3979268 ], [ 13.8356888, 9.3966719 ], [ 13.8363645, 9.3945934 ], [ 13.8382327, 9.392515 ], [ 13.8379147, 9.390358 ], [ 13.8355695, 9.3884756 ], [ 13.8323101, 9.3886717 ], [ 13.8292891, 9.390358 ], [ 13.8277787, 9.39126 ], [ 13.8262682, 9.3906326 ], [ 13.8243602, 9.3883188 ], [ 13.8219753, 9.3843186 ], [ 13.820266, 9.3825146 ], [ 13.8174041, 9.3814165 ], [ 13.8150191, 9.3801223 ], [ 13.8132702, 9.3767888 ], [ 13.8065525, 9.3745926 ], [ 13.8038496, 9.3723963 ], [ 13.8005106, 9.3716904 ], [ 13.7974499, 9.3697294 ], [ 13.7951047, 9.3669449 ], [ 13.7920043, 9.3594539 ], [ 13.7898578, 9.35059 ], [ 13.7887101, 9.3491498 ], [ 13.7813205, 9.3463396 ], [ 13.7765866, 9.347289 ], [ 13.7735461, 9.3474409 ], [ 13.7665413, 9.3489979 ], [ 13.7629235, 9.3493777 ], [ 13.7612686, 9.3487321 ], [ 13.7603064, 9.3475548 ], [ 13.7609607, 9.3464535 ], [ 13.7653097, 9.3447446 ], [ 13.7658101, 9.3434534 ], [ 13.7648864, 9.3427698 ], [ 13.7612301, 9.3402633 ], [ 13.7567655, 9.3336932 ], [ 13.7541484, 9.3303891 ], [ 13.7535066, 9.3251092 ], [ 13.7522719, 9.3233065 ], [ 13.7500082, 9.3217038 ], [ 13.7473456, 9.3205179 ], [ 13.7385231, 9.3196944 ], [ 13.7340298, 9.3184049 ], [ 13.73133, 9.3151578 ], [ 13.7294411, 9.3124898 ], [ 13.7251117, 9.3101343 ], [ 13.72272, 9.3072514 ], [ 13.7214623, 9.3062236 ], [ 13.7185683, 9.3072428 ], [ 13.7127547, 9.3072194 ], [ 13.7114669, 9.3089552 ], [ 13.7104769, 9.3112353 ], [ 13.7103961, 9.3123583 ], [ 13.7105965, 9.313435 ], [ 13.709237, 9.3158051 ], [ 13.7075764, 9.3152645 ], [ 13.7058331, 9.3159567 ], [ 13.704652, 9.3169843 ], [ 13.7037522, 9.3171986 ], [ 13.7027443, 9.3163022 ], [ 13.7024348, 9.3148837 ], [ 13.7029176, 9.310801 ], [ 13.7025449, 9.3084841 ], [ 13.7017624, 9.3070867 ], [ 13.6999736, 9.3067189 ], [ 13.6984457, 9.3056157 ], [ 13.6964334, 9.3042918 ], [ 13.6950918, 9.301791 ], [ 13.6927068, 9.3008349 ], [ 13.6886821, 9.3023794 ], [ 13.6866698, 9.3014968 ], [ 13.6838376, 9.2971573 ], [ 13.6803985, 9.2976278 ], [ 13.6775119, 9.2988385 ], [ 13.6754191, 9.3030402 ], [ 13.6755634, 9.3061025 ], [ 13.6724603, 9.3071708 ], [ 13.6662541, 9.3054616 ], [ 13.6595955, 9.3029606 ], [ 13.6568521, 9.3001098 ], [ 13.6537438, 9.2983314 ], [ 13.6528314, 9.2969378 ], [ 13.6539655, 9.2956326 ], [ 13.6581545, 9.2959015 ], [ 13.6587801, 9.293038 ], [ 13.6583698, 9.2911321 ], [ 13.6553572, 9.2889392 ], [ 13.6536974, 9.28431 ], [ 13.6514603, 9.2818172 ], [ 13.6482128, 9.2815324 ], [ 13.6422953, 9.2844524 ], [ 13.6386149, 9.2868026 ], [ 13.6364499, 9.2868739 ], [ 13.6306767, 9.283669 ], [ 13.626852, 9.285307 ], [ 13.6230994, 9.2900075 ], [ 13.6195633, 9.2913606 ], [ 13.616388, 9.2905772 ], [ 13.6141509, 9.2914319 ], [ 13.6120581, 9.2952064 ], [ 13.6075117, 9.2957761 ], [ 13.6053467, 9.2945654 ], [ 13.6010168, 9.294423 ], [ 13.5968313, 9.2996931 ], [ 13.5938725, 9.2991234 ], [ 13.59279, 9.2979839 ], [ 13.5926457, 9.2939957 ], [ 13.5912024, 9.2917167 ], [ 13.5891818, 9.2919304 ], [ 13.5861508, 9.295064 ], [ 13.5840792, 9.2946915 ], [ 13.5826119, 9.2928641 ], [ 13.5823673, 9.2888301 ], [ 13.580306, 9.2873475 ], [ 13.5755196, 9.2886232 ], [ 13.5705935, 9.2884508 ], [ 13.568672, 9.2891749 ], [ 13.5667853, 9.2919332 ], [ 13.5659818, 9.2956914 ], [ 13.562523, 9.2968291 ], [ 13.5588896, 9.2975187 ], [ 13.5558869, 9.2965308 ], [ 13.5551532, 9.2962205 ], [ 13.5536858, 9.2947551 ], [ 13.5526727, 9.294238 ], [ 13.551642, 9.2942724 ], [ 13.550937, 9.2943181 ], [ 13.5499011, 9.2932989 ], [ 13.5481293, 9.2955884 ], [ 13.5457681, 9.29872 ], [ 13.5431231, 9.2985154 ], [ 13.5397973, 9.2995829 ], [ 13.5384838, 9.2997727 ], [ 13.5346407, 9.2994968 ], [ 13.5329462, 9.2998416 ], [ 13.5318232, 9.3004722 ], [ 13.5307277, 9.3017207 ], [ 13.5305961, 9.302927 ], [ 13.5309374, 9.3037204 ], [ 13.5310072, 9.3046685 ], [ 13.5304657, 9.3066854 ], [ 13.5303543, 9.3083181 ], [ 13.5301695, 9.3094554 ], [ 13.5306055, 9.310271 ], [ 13.5313002, 9.3110393 ], [ 13.5329812, 9.3121673 ], [ 13.5356015, 9.3135118 ], [ 13.5365177, 9.3142398 ], [ 13.5366921, 9.3149282 ], [ 13.5363876, 9.3157183 ], [ 13.5356425, 9.3162579 ], [ 13.5336821, 9.3178999 ] ] ] } },
{ "type": "Feature", "properties": { }, "geometry": { "type": "Polygon", "coordinates": [ [ [ 13.2489335, 10.0021893 ], [ 13.249085, 10.002039 ], [ 13.249287, 10.001886 ], [ 13.24944, 10.001696 ], [ 13.249593, 10.001488 ], [ 13.249808, 10.001335 ], [ 13.25004, 10.00123 ], [ 13.250218, 10.001157 ], [ 13.250453, 10.001005 ], [ 13.250774, 10.000808 ], [ 13.25093, 10.000656 ], [ 13.251005, 10.000462 ], [ 13.251285, 9.999842 ], [ 13.251494, 9.999726 ], [ 13.251726, 9.999536 ], [ 13.252039, 9.999199 ], [ 13.252125, 9.999022 ], [ 13.252198, 9.998709 ], [ 13.252247, 9.998455 ], [ 13.252339, 9.997604 ], [ 13.252419, 9.997034 ], [ 13.252492, 9.996783 ], [ 13.252578, 9.99663 ], [ 13.252731, 9.996501 ], [ 13.253007, 9.996373 ], [ 13.253203, 9.996311 ], [ 13.253411, 9.996256 ], [ 13.25368, 9.996238 ], [ 13.253968, 9.996299 ], [ 13.254219, 9.996342 ], [ 13.25433, 9.996342 ], [ 13.25444, 9.996299 ], [ 13.254746, 9.996017 ], [ 13.254899, 9.995944 ], [ 13.255034, 9.995944 ], [ 13.255144, 9.995938 ], [ 13.255224, 9.995876 ], [ 13.255316, 9.99576 ], [ 13.255487, 9.995607 ], [ 13.255671, 9.995399 ], [ 13.255861, 9.995245 ], [ 13.256088, 9.995166 ], [ 13.2564, 9.995111 ], [ 13.256596, 9.995099 ], [ 13.256816, 9.995007 ], [ 13.257019, 9.994902 ], [ 13.257301, 9.994774 ], [ 13.257509, 9.994706 ], [ 13.257705, 9.994719 ], [ 13.257791, 9.994866 ], [ 13.257912, 9.995024 ], [ 13.25805, 9.995074 ], [ 13.258215, 9.995065 ], [ 13.25833, 9.995019 ], [ 13.258427, 9.994941 ], [ 13.258528, 9.994826 ], [ 13.258657, 9.994734 ], [ 13.258767, 9.994725 ], [ 13.258969, 9.994776 ], [ 13.259107, 9.994822 ], [ 13.25919, 9.994822 ], [ 13.2593, 9.994766 ], [ 13.25941, 9.994688 ], [ 13.259529, 9.994551 ], [ 13.259709, 9.994316 ], [ 13.259851, 9.9941 ], [ 13.260044, 9.993843 ], [ 13.260099, 9.993811 ], [ 13.260278, 9.993802 ], [ 13.260416, 9.993779 ], [ 13.260489, 9.993747 ], [ 13.260549, 9.993692 ], [ 13.260641, 9.993586 ], [ 13.260811, 9.993443 ], [ 13.261156, 9.993115 ], [ 13.261275, 9.992963 ], [ 13.261464, 9.992844 ], [ 13.26167, 9.992761 ], [ 13.261849, 9.992715 ], [ 13.261996, 9.992715 ], [ 13.262111, 9.992734 ], [ 13.262208, 9.992784 ], [ 13.262355, 9.992807 ], [ 13.262584, 9.992812 ], [ 13.262709, 9.99283 ], [ 13.2628, 9.992853 ], [ 13.262943, 9.992913 ], [ 13.263136, 9.992963 ], [ 13.263306, 9.992982 ], [ 13.263614, 9.992931 ], [ 13.263875, 9.992867 ], [ 13.264082, 9.992793 ], [ 13.264243, 9.992729 ], [ 13.264404, 9.992683 ], [ 13.264555, 9.9926 ], [ 13.264633, 9.992527 ], [ 13.26473, 9.992467 ], [ 13.265024, 9.992334 ], [ 13.265249, 9.992164 ], [ 13.265355, 9.992127 ], [ 13.265446, 9.992109 ], [ 13.26558, 9.992045 ], [ 13.26575, 9.991994 ], [ 13.26597, 9.991976 ], [ 13.266191, 9.992003 ], [ 13.266834, 9.992109 ], [ 13.267307, 9.992196 ], [ 13.267734, 9.992311 ], [ 13.267987, 9.992362 ], [ 13.26829, 9.992398 ], [ 13.268515, 9.992403 ], [ 13.268795, 9.992375 ], [ 13.269002, 9.992334 ], [ 13.269204, 9.992288 ], [ 13.269384, 9.992237 ], [ 13.269581, 9.992169 ], [ 13.269811, 9.992113 ], [ 13.270054, 9.992072 ], [ 13.270233, 9.992031 ], [ 13.270674, 9.99187 ], [ 13.27089, 9.99181 ], [ 13.27106, 9.991732 ], [ 13.271216, 9.991629 ], [ 13.271405, 9.991477 ], [ 13.271547, 9.991339 ], [ 13.27168, 9.991179 ], [ 13.271805, 9.990981 ], [ 13.271965, 9.990784 ], [ 13.272195, 9.9906 ], [ 13.272311, 9.990486 ], [ 13.272384, 9.990429 ], [ 13.272476, 9.990324 ], [ 13.272608, 9.990143 ], [ 13.272817, 9.989915 ], [ 13.272895, 9.989858 ], [ 13.273027, 9.989783 ], [ 13.273097, 9.98976 ], [ 13.273236, 9.98968 ], [ 13.273373, 9.989623 ], [ 13.273507, 9.989574 ], [ 13.273619, 9.989548 ], [ 13.273694, 9.989502 ], [ 13.273828, 9.989484 ], [ 13.274055, 9.989468 ], [ 13.274293, 9.989468 ], [ 13.274433, 9.989481 ], [ 13.274527, 9.989531 ], [ 13.274633, 9.989604 ], [ 13.274941, 9.989724 ], [ 13.275287, 9.989866 ], [ 13.27542, 9.989875 ], [ 13.27554, 9.989903 ], [ 13.275705, 9.989981 ], [ 13.27588, 9.9901 ], [ 13.276174, 9.990234 ], [ 13.276431, 9.99033 ], [ 13.276702, 9.99039 ], [ 13.27689, 9.990394 ], [ 13.277538, 9.990486 ], [ 13.277694, 9.990427 ], [ 13.2778, 9.990353 ], [ 13.277887, 9.990243 ], [ 13.277938, 9.990123 ], [ 13.277929, 9.989999 ], [ 13.277869, 9.98988 ], [ 13.277841, 9.989765 ], [ 13.277846, 9.989646 ], [ 13.277869, 9.989517 ], [ 13.277929, 9.989352 ], [ 13.278043, 9.989214 ], [ 13.278131, 9.989145 ], [ 13.278255, 9.98914 ], [ 13.278489, 9.989012 ], [ 13.278595, 9.988934 ], [ 13.278682, 9.988842 ], [ 13.278682, 9.988736 ], [ 13.278673, 9.988584 ], [ 13.278682, 9.988396 ], [ 13.278772, 9.988217 ], [ 13.278822, 9.988052 ], [ 13.278951, 9.987716 ], [ 13.279066, 9.987551 ], [ 13.279319, 9.98734 ], [ 13.279576, 9.987151 ], [ 13.280079, 9.986715 ], [ 13.280421, 9.98658 ], [ 13.280734, 9.986396 ], [ 13.281077, 9.986249 ], [ 13.281432, 9.986053 ], [ 13.281751, 9.985888 ], [ 13.281928, 9.985808 ], [ 13.282044, 9.985624 ], [ 13.282063, 9.985312 ], [ 13.282126, 9.985166 ], [ 13.282172, 9.985088 ], [ 13.282438, 9.984826 ], [ 13.28247, 9.98478 ], [ 13.282456, 9.984637 ], [ 13.282456, 9.984536 ], [ 13.282516, 9.984444 ], [ 13.282764, 9.98433 ], [ 13.282957, 9.98421 ], [ 13.28315, 9.984036 ], [ 13.283384, 9.983879 ], [ 13.283655, 9.983765 ], [ 13.283977, 9.983443 ], [ 13.284202, 9.983333 ], [ 13.284459, 9.98325 ], [ 13.284673, 9.983146 ], [ 13.284836, 9.982868 ], [ 13.285114, 9.98237 ], [ 13.285441, 9.981896 ], [ 13.285898, 9.981304 ], [ 13.286148, 9.981054 ], [ 13.286432, 9.980716 ], [ 13.28666, 9.980466 ], [ 13.286933, 9.980313 ], [ 13.287237, 9.980215 ], [ 13.287488, 9.980074 ], [ 13.287662, 9.979921 ], [ 13.287815, 9.979736 ], [ 13.287934, 9.979431 ], [ 13.288011, 9.979072 ], [ 13.288065, 9.978647 ], [ 13.288032, 9.97843 ], [ 13.287858, 9.978266 ], [ 13.287695, 9.978168 ], [ 13.287379, 9.978048 ], [ 13.287227, 9.977939 ], [ 13.287161, 9.97782 ], [ 13.28714, 9.977689 ], [ 13.287161, 9.977471 ], [ 13.287237, 9.977177 ], [ 13.287314, 9.976949 ], [ 13.287335, 9.976731 ], [ 13.287314, 9.976459 ], [ 13.28727, 9.976186 ], [ 13.287248, 9.975958 ], [ 13.287303, 9.975696 ], [ 13.287379, 9.975435 ], [ 13.287379, 9.974967 ], [ 13.287434, 9.974738 ], [ 13.287526, 9.974658 ], [ 13.28757, 9.974233 ], [ 13.287603, 9.973841 ], [ 13.287559, 9.973503 ], [ 13.287417, 9.972796 ], [ 13.287352, 9.972077 ], [ 13.2872, 9.971064 ], [ 13.287091, 9.970825 ], [ 13.286927, 9.970629 ], [ 13.286655, 9.97022 ], [ 13.286176, 9.969306 ], [ 13.28574, 9.968402 ], [ 13.285359, 9.967683 ], [ 13.284989, 9.967128 ], [ 13.284578, 9.966565 ], [ 13.284194, 9.966082 ], [ 13.283856, 9.965625 ], [ 13.283661, 9.965266 ], [ 13.283661, 9.964928 ], [ 13.283704, 9.964699 ], [ 13.283889, 9.964482 ], [ 13.284063, 9.964471 ], [ 13.284227, 9.964536 ], [ 13.284608, 9.964634 ], [ 13.284858, 9.964754 ], [ 13.285142, 9.964786 ], [ 13.285337, 9.964732 ], [ 13.285588, 9.964525 ], [ 13.285849, 9.964242 ], [ 13.286285, 9.963817 ], [ 13.286644, 9.963458 ], [ 13.286916, 9.963099 ], [ 13.28691, 9.962757 ], [ 13.286829, 9.962532 ], [ 13.286633, 9.962293 ], [ 13.286448, 9.962097 ], [ 13.286231, 9.961999 ], [ 13.285839, 9.96189 ], [ 13.285588, 9.961781 ], [ 13.285359, 9.961541 ], [ 13.285109, 9.961215 ], [ 13.284913, 9.960986 ], [ 13.284608, 9.96055 ], [ 13.284248, 9.960017 ], [ 13.284053, 9.959668 ], [ 13.283965, 9.959309 ], [ 13.283965, 9.95907 ], [ 13.284085, 9.958895 ], [ 13.284227, 9.958819 ], [ 13.284401, 9.958808 ], [ 13.284543, 9.958906 ], [ 13.28464, 9.959048 ], [ 13.284771, 9.959168 ], [ 13.284935, 9.959255 ], [ 13.285065, 9.959266 ], [ 13.285261, 9.959146 ], [ 13.28549, 9.959037 ], [ 13.285719, 9.958906 ], [ 13.285958, 9.958754 ], [ 13.286078, 9.958623 ], [ 13.286121, 9.958351 ], [ 13.286121, 9.957981 ], [ 13.286165, 9.957589 ], [ 13.286198, 9.957066 ], [ 13.286143, 9.956478 ], [ 13.286002, 9.956102 ], [ 13.28574, 9.95559 ], [ 13.285207, 9.954926 ], [ 13.284935, 9.954567 ], [ 13.28463, 9.954207 ], [ 13.284183, 9.953924 ], [ 13.283682, 9.953652 ], [ 13.283268, 9.953532 ], [ 13.282757, 9.953412 ], [ 13.282256, 9.953271 ], [ 13.281428, 9.952977 ], [ 13.280982, 9.952759 ], [ 13.28071, 9.95252 ], [ 13.280611, 9.95228 ], [ 13.280611, 9.952029 ], [ 13.280742, 9.951823 ], [ 13.280905, 9.951659 ], [ 13.28121, 9.951529 ], [ 13.281417, 9.951518 ], [ 13.281592, 9.951616 ], [ 13.281733, 9.951812 ], [ 13.281885, 9.952084 ], [ 13.282005, 9.952258 ], [ 13.282179, 9.952291 ], [ 13.282343, 9.952302 ], [ 13.282691, 9.952204 ], [ 13.282844, 9.952019 ], [ 13.282898, 9.951714 ], [ 13.282942, 9.951398 ], [ 13.282974, 9.950886 ], [ 13.283051, 9.950505 ], [ 13.283116, 9.950015 ], [ 13.283116, 9.949416 ], [ 13.28316, 9.9491 ], [ 13.28316, 9.948861 ], [ 13.283083, 9.948512 ], [ 13.283018, 9.948109 ], [ 13.282898, 9.94775 ], [ 13.282615, 9.947369 ], [ 13.282158, 9.946988 ], [ 13.281602, 9.946574 ], [ 13.281156, 9.94628 ], [ 13.280611, 9.946084 ], [ 13.280111, 9.946062 ], [ 13.279653, 9.946062 ], [ 13.279065, 9.946008 ], [ 13.278444, 9.946008 ], [ 13.27815, 9.945986 ], [ 13.277998, 9.945921 ], [ 13.277965, 9.945703 ], [ 13.277933, 9.945561 ], [ 13.277824, 9.945365 ], [ 13.277628, 9.944984 ], [ 13.277421, 9.944429 ], [ 13.277225, 9.943884 ], [ 13.277073, 9.943405 ], [ 13.27704, 9.943024 ], [ 13.277073, 9.94261 ], [ 13.277127, 9.942109 ], [ 13.277203, 9.941761 ], [ 13.277323, 9.941597 ], [ 13.277475, 9.941456 ], [ 13.277682, 9.941391 ], [ 13.277955, 9.941401 ], [ 13.27827, 9.941499 ], [ 13.278532, 9.941652 ], [ 13.278858, 9.941826 ], [ 13.279196, 9.941957 ], [ 13.279403, 9.942 ], [ 13.279577, 9.941902 ], [ 13.279828, 9.941783 ], [ 13.279969, 9.941619 ], [ 13.28023, 9.940971 ], [ 13.28035, 9.940688 ], [ 13.280524, 9.94047 ], [ 13.280895, 9.940067 ], [ 13.281602, 9.939185 ], [ 13.28182, 9.938772 ], [ 13.281853, 9.938587 ], [ 13.281755, 9.938369 ], [ 13.281548, 9.938205 ], [ 13.281352, 9.93802 ], [ 13.281156, 9.9379 ], [ 13.280938, 9.93789 ], [ 13.280677, 9.9379 ], [ 13.280296, 9.937988 ], [ 13.279904, 9.938031 ], [ 13.279501, 9.938064 ], [ 13.279218, 9.938009 ], [ 13.278826, 9.937911 ], [ 13.278466, 9.937792 ], [ 13.278118, 9.937563 ], [ 13.277835, 9.9374 ], [ 13.277628, 9.937367 ], [ 13.277279, 9.937345 ], [ 13.27692, 9.937171 ], [ 13.276724, 9.936953 ], [ 13.276539, 9.93643 ], [ 13.27631, 9.935995 ], [ 13.276027, 9.935668 ], [ 13.275798, 9.935548 ], [ 13.275406, 9.935548 ], [ 13.275036, 9.935614 ], [ 13.274688, 9.935657 ], [ 13.274241, 9.935668 ], [ 13.273686, 9.93569 ], [ 13.273207, 9.935701 ], [ 13.272891, 9.93569 ], [ 13.272434, 9.935755 ], [ 13.272052, 9.935777 ], [ 13.271072, 9.935755 ], [ 13.270593, 9.935712 ], [ 13.270397, 9.935646 ], [ 13.270278, 9.935407 ], [ 13.270288, 9.935156 ], [ 13.27043, 9.934764 ], [ 13.270593, 9.93434 ], [ 13.270811, 9.933893 ], [ 13.27092, 9.933523 ], [ 13.270953, 9.933207 ], [ 13.270887, 9.932924 ], [ 13.270735, 9.932663 ], [ 13.270463, 9.932303 ], [ 13.270266, 9.932075 ], [ 13.270071, 9.931759 ], [ 13.269831, 9.931356 ], [ 13.269635, 9.93091 ], [ 13.269581, 9.930572 ], [ 13.26957, 9.930202 ], [ 13.269493, 9.929766 ], [ 13.269297, 9.929276 ], [ 13.269079, 9.92908 ], [ 13.268764, 9.928851 ], [ 13.268481, 9.928786 ], [ 13.268002, 9.928644 ], [ 13.267392, 9.928448 ], [ 13.266782, 9.928285 ], [ 13.266412, 9.928122 ], [ 13.266172, 9.927915 ], [ 13.265987, 9.927675 ], [ 13.26578, 9.92736 ], [ 13.265529, 9.927098 ], [ 13.265247, 9.926924 ], [ 13.26504, 9.926848 ], [ 13.264887, 9.926848 ], [ 13.264713, 9.926924 ], [ 13.26443, 9.927131 ], [ 13.263929, 9.927338 ], [ 13.263471, 9.92749 ], [ 13.263178, 9.927512 ], [ 13.26296, 9.927436 ], [ 13.262481, 9.927392 ], [ 13.262219, 9.927392 ], [ 13.26198, 9.927479 ], [ 13.261697, 9.927686 ], [ 13.261272, 9.928013 ], [ 13.26051, 9.928579 ], [ 13.260248, 9.928732 ], [ 13.259987, 9.92871 ], [ 13.259497, 9.92859 ], [ 13.258985, 9.928438 ], [ 13.258411, 9.928234 ], [ 13.257953, 9.928214 ], [ 13.257641, 9.928214 ], [ 13.257474, 9.928158 ], [ 13.257129, 9.928003 ], [ 13.256884, 9.927758 ], [ 13.256751, 9.927468 ], [ 13.256628, 9.927223 ], [ 13.256394, 9.926878 ], [ 13.256041, 9.926447 ], [ 13.255692, 9.925976 ], [ 13.255425, 9.925553 ], [ 13.254958, 9.924929 ], [ 13.254668, 9.924607 ], [ 13.254379, 9.924462 ], [ 13.254163, 9.92444 ], [ 13.253985, 9.92454 ], [ 13.253918, 9.924763 ], [ 13.253885, 9.925208 ], [ 13.253806, 9.92611 ], [ 13.253718, 9.926499 ], [ 13.253617, 9.926822 ], [ 13.253517, 9.927023 ], [ 13.253383, 9.927145 ], [ 13.253205, 9.927268 ], [ 13.252972, 9.927501 ], [ 13.252649, 9.927847 ], [ 13.252115, 9.928217 ], [ 13.251969, 9.928247 ], [ 13.251635, 9.928214 ], [ 13.251491, 9.928092 ], [ 13.251301, 9.927824 ], [ 13.251112, 9.927424 ], [ 13.250934, 9.926978 ], [ 13.250789, 9.926644 ], [ 13.250544, 9.92641 ], [ 13.25021, 9.926277 ], [ 13.249653, 9.926199 ], [ 13.249342, 9.926132 ], [ 13.249052, 9.926021 ], [ 13.248763, 9.925809 ], [ 13.248551, 9.925497 ], [ 13.248429, 9.925119 ], [ 13.248273, 9.924763 ], [ 13.248072, 9.924384 ], [ 13.247738, 9.923972 ], [ 13.247449, 9.923727 ], [ 13.24707, 9.92346 ], [ 13.246569, 9.923081 ], [ 13.24589, 9.922614 ], [ 13.245634, 9.922291 ], [ 13.245445, 9.921868 ], [ 13.2452, 9.921344 ], [ 13.244966, 9.920721 ], [ 13.24481, 9.920264 ], [ 13.244699, 9.919774 ], [ 13.244532, 9.919362 ], [ 13.244332, 9.919106 ], [ 13.244098, 9.918973 ], [ 13.243819, 9.918895 ], [ 13.243452, 9.918783 ], [ 13.243173, 9.918739 ], [ 13.242828, 9.91865 ], [ 13.242505, 9.918472 ], [ 13.242171, 9.91826 ], [ 13.241759, 9.917859 ], [ 13.241269, 9.917269 ], [ 13.240769, 9.916623 ], [ 13.24039, 9.916078 ], [ 13.240101, 9.915555 ], [ 13.239922, 9.915165 ], [ 13.239878, 9.914675 ], [ 13.239755, 9.914274 ], [ 13.239599, 9.913818 ], [ 13.239421, 9.913517 ], [ 13.238931, 9.91296 ], [ 13.238553, 9.91247 ], [ 13.238141, 9.912136 ], [ 13.237551, 9.911702 ], [ 13.237083, 9.911346 ], [ 13.23676, 9.911079 ], [ 13.236526, 9.9107 ], [ 13.236293, 9.910132 ], [ 13.236192, 9.909587 ], [ 13.236059, 9.908941 ], [ 13.235792, 9.908139 ], [ 13.235446, 9.907393 ], [ 13.235157, 9.906748 ], [ 13.235035, 9.906146 ], [ 13.235101, 9.905768 ], [ 13.235268, 9.905456 ], [ 13.235502, 9.905167 ], [ 13.235825, 9.90491 ], [ 13.236204, 9.904654 ], [ 13.236627, 9.904287 ], [ 13.236927, 9.903875 ], [ 13.237116, 9.903341 ], [ 13.23725, 9.902595 ], [ 13.237339, 9.901849 ], [ 13.237484, 9.901136 ], [ 13.237529, 9.900635 ], [ 13.237473, 9.899488 ], [ 13.23715, 9.898453 ], [ 13.237083, 9.897762 ], [ 13.23715, 9.896215 ], [ 13.237116, 9.895035 ], [ 13.237061, 9.893966 ], [ 13.237016, 9.892941 ], [ 13.236961, 9.892563 ], [ 13.237116, 9.891917 ], [ 13.23735, 9.891371 ], [ 13.237518, 9.89087 ], [ 13.23764, 9.890559 ], [ 13.237796, 9.890392 ], [ 13.237974, 9.890291 ], [ 13.238174, 9.890213 ], [ 13.238787, 9.890213 ], [ 13.239143, 9.890236 ], [ 13.239444, 9.890236 ], [ 13.239778, 9.890102 ], [ 13.24, 9.889935 ], [ 13.240234, 9.889668 ], [ 13.24039, 9.889367 ], [ 13.240423, 9.889122 ], [ 13.240323, 9.8889 ], [ 13.240067, 9.888722 ], [ 13.239655, 9.888499 ], [ 13.239188, 9.88822 ], [ 13.238787, 9.887964 ], [ 13.238286, 9.887619 ], [ 13.237996, 9.887352 ], [ 13.237773, 9.886873 ], [ 13.237651, 9.886461 ], [ 13.237584, 9.886094 ], [ 13.237584, 9.885593 ], [ 13.237606, 9.885147 ], [ 13.23774, 9.884646 ], [ 13.237929, 9.884056 ], [ 13.23813, 9.883544 ], [ 13.238297, 9.882999 ], [ 13.238519, 9.882765 ], [ 13.238742, 9.882576 ], [ 13.239054, 9.882464 ], [ 13.239288, 9.882475 ], [ 13.239477, 9.882553 ], [ 13.239633, 9.882653 ], [ 13.239778, 9.882709 ], [ 13.239967, 9.882698 ], [ 13.240189, 9.88262 ], [ 13.240557, 9.882475 ], [ 13.241091, 9.882297 ], [ 13.241526, 9.882197 ], [ 13.241949, 9.882063 ], [ 13.242205, 9.881896 ], [ 13.242383, 9.881729 ], [ 13.242483, 9.881418 ], [ 13.242416, 9.881084 ], [ 13.242283, 9.880727 ], [ 13.242283, 9.88026 ], [ 13.242405, 9.879736 ], [ 13.242617, 9.87938 ], [ 13.242962, 9.879113 ], [ 13.243463, 9.879013 ], [ 13.243864, 9.878924 ], [ 13.244142, 9.878768 ], [ 13.244309, 9.878478 ], [ 13.244365, 9.878189 ], [ 13.244387, 9.877821 ], [ 13.244387, 9.877443 ], [ 13.244376, 9.87712 ], [ 13.244487, 9.876686 ], [ 13.244621, 9.876196 ], [ 13.244866, 9.875461 ], [ 13.245367, 9.874359 ], [ 13.245634, 9.873802 ], [ 13.245846, 9.873334 ], [ 13.246169, 9.872421 ], [ 13.246235, 9.871987 ], [ 13.246213, 9.871664 ], [ 13.246024, 9.87143 ], [ 13.245712, 9.870896 ], [ 13.245311, 9.869872 ], [ 13.244899, 9.868747 ], [ 13.24432, 9.867533 ], [ 13.244053, 9.866799 ], [ 13.243775, 9.865941 ], [ 13.243541, 9.865111 ], [ 13.243396, 9.864799 ], [ 13.243285, 9.86432 ], [ 13.24324, 9.863786 ], [ 13.243296, 9.863463 ], [ 13.243418, 9.863196 ], [ 13.243641, 9.863029 ], [ 13.243942, 9.862951 ], [ 13.244565, 9.862806 ], [ 13.245378, 9.862583 ], [ 13.246079, 9.862327 ], [ 13.246736, 9.862049 ], [ 13.247238, 9.861715 ], [ 13.247861, 9.861247 ], [ 13.248239, 9.860791 ], [ 13.248384, 9.860301 ], [ 13.24854, 9.85961 ], [ 13.248752, 9.858597 ], [ 13.24893, 9.857974 ], [ 13.249097, 9.857706 ], [ 13.249398, 9.857473 ], [ 13.249642, 9.857406 ], [ 13.249976, 9.85745 ], [ 13.250344, 9.857551 ], [ 13.250878, 9.857662 ], [ 13.251335, 9.857751 ], [ 13.251947, 9.857796 ], [ 13.252559, 9.857751 ], [ 13.253116, 9.857595 ], [ 13.253655, 9.857473 ], [ 13.254735, 9.857261 ], [ 13.255425, 9.857194 ], [ 13.256261, 9.857016 ], [ 13.256995, 9.856827 ], [ 13.257719, 9.856471 ], [ 13.258331, 9.85607 ], [ 13.258911, 9.85568 ], [ 13.259523, 9.855168 ], [ 13.260258, 9.854511 ], [ 13.262006, 9.852885 ], [ 13.262974, 9.85205 ], [ 13.263898, 9.851483 ], [ 13.264611, 9.851215 ], [ 13.265718, 9.850881 ], [ 13.266174, 9.850859 ], [ 13.266653, 9.850959 ], [ 13.267143, 9.851104 ], [ 13.267533, 9.851405 ], [ 13.268045, 9.851883 ], [ 13.268512, 9.852229 ], [ 13.268991, 9.85244 ], [ 13.26927, 9.852507 ], [ 13.269659, 9.852407 ], [ 13.26996, 9.852195 ], [ 13.270216, 9.851939 ], [ 13.27075, 9.851449 ], [ 13.271496, 9.851071 ], [ 13.272109, 9.850915 ], [ 13.272732, 9.850937 ], [ 13.2734, 9.850993 ], [ 13.273968, 9.850803 ], [ 13.274414, 9.850603 ], [ 13.274581, 9.850269 ], [ 13.274714, 9.848877 ], [ 13.274848, 9.847953 ], [ 13.275026, 9.847463 ], [ 13.275482, 9.84684 ], [ 13.275994, 9.846417 ], [ 13.276863, 9.845904 ], [ 13.277976, 9.845392 ], [ 13.279279, 9.844969 ], [ 13.280626, 9.844513 ], [ 13.281918, 9.844089 ], [ 13.283198, 9.8436 ], [ 13.284855, 9.842818 ], [ 13.285768, 9.842272 ], [ 13.286492, 9.84186 ], [ 13.287427, 9.841382 ], [ 13.288585, 9.840803 ], [ 13.289142, 9.840424 ], [ 13.289509, 9.839879 ], [ 13.289676, 9.83911 ], [ 13.289832, 9.838153 ], [ 13.290021, 9.837351 ], [ 13.290177, 9.836861 ], [ 13.290656, 9.836383 ], [ 13.291079, 9.836093 ], [ 13.29148, 9.835837 ], [ 13.29237, 9.835503 ], [ 13.293306, 9.835291 ], [ 13.29423, 9.835024 ], [ 13.294998, 9.83479 ], [ 13.295867, 9.834423 ], [ 13.296457, 9.834234 ], [ 13.29698, 9.834044 ], [ 13.297537, 9.833677 ], [ 13.297937, 9.83322 ], [ 13.298205, 9.832731 ], [ 13.298427, 9.832252 ], [ 13.298617, 9.831673 ], [ 13.298739, 9.830893 ], [ 13.298739, 9.830281 ], [ 13.298817, 9.829735 ], [ 13.298973, 9.829491 ], [ 13.299251, 9.829134 ], [ 13.299786, 9.828778 ], [ 13.300187, 9.828488 ], [ 13.300665, 9.828088 ], [ 13.301211, 9.827765 ], [ 13.301723, 9.827297 ], [ 13.301979, 9.826907 ], [ 13.302024, 9.826484 ], [ 13.301934, 9.825749 ], [ 13.301456, 9.824235 ], [ 13.3011, 9.823578 ], [ 13.300543, 9.822754 ], [ 13.300086, 9.822187 ], [ 13.299719, 9.821752 ], [ 13.299374, 9.821307 ], [ 13.299207, 9.820917 ], [ 13.298862, 9.820249 ], [ 13.298527, 9.81977 ], [ 13.298194, 9.819448 ], [ 13.297715, 9.819203 ], [ 13.29727, 9.81908 ], [ 13.296757, 9.819058 ], [ 13.296446, 9.81908 ], [ 13.296145, 9.818947 ], [ 13.295789, 9.81869 ], [ 13.295555, 9.818568 ], [ 13.295343, 9.818446 ], [ 13.295221, 9.818256 ], [ 13.295165, 9.817911 ], [ 13.295154, 9.81751 ], [ 13.295031, 9.816853 ], [ 13.29472, 9.816196 ], [ 13.294374, 9.815573 ], [ 13.293951, 9.815161 ], [ 13.293473, 9.814749 ], [ 13.293039, 9.814493 ], [ 13.292482, 9.81407 ], [ 13.29197, 9.813647 ], [ 13.291469, 9.813213 ], [ 13.290956, 9.812712 ], [ 13.290812, 9.812455 ], [ 13.290789, 9.812166 ], [ 13.290845, 9.811954 ], [ 13.290934, 9.811732 ], [ 13.290923, 9.811409 ], [ 13.290856, 9.811153 ], [ 13.290611, 9.810863 ], [ 13.290366, 9.810618 ], [ 13.290166, 9.810295 ], [ 13.29001, 9.809883 ], [ 13.289821, 9.809494 ], [ 13.289498, 9.808993 ], [ 13.289264, 9.808659 ], [ 13.289097, 9.808325 ], [ 13.289053, 9.807946 ], [ 13.289108, 9.80759 ], [ 13.289142, 9.806944 ], [ 13.289075, 9.806098 ], [ 13.288897, 9.805597 ], [ 13.288663, 9.804973 ], [ 13.288429, 9.804472 ], [ 13.288017, 9.803771 ], [ 13.287815, 9.803151 ], [ 13.287806, 9.802791 ], [ 13.28756, 9.802424 ], [ 13.287293, 9.802001 ], [ 13.286826, 9.801655 ], [ 13.286414, 9.801288 ], [ 13.285968, 9.801088 ], [ 13.285646, 9.800965 ], [ 13.2852, 9.800976 ], [ 13.284833, 9.800976 ], [ 13.284387, 9.800876 ], [ 13.284042, 9.80062 ], [ 13.283775, 9.800364 ], [ 13.28353, 9.800186 ], [ 13.283007, 9.799952 ], [ 13.282494, 9.799685 ], [ 13.282149, 9.799406 ], [ 13.281782, 9.798983 ], [ 13.28147, 9.79856 ], [ 13.281192, 9.798126 ], [ 13.281069, 9.797814 ], [ 13.281025, 9.797547 ], [ 13.281058, 9.79728 ], [ 13.281147, 9.797046 ], [ 13.281247, 9.796745 ], [ 13.281259, 9.796534 ], [ 13.281103, 9.796322 ], [ 13.280936, 9.796077 ], [ 13.280646, 9.795799 ], [ 13.280457, 9.795587 ], [ 13.280246, 9.795365 ], [ 13.280056, 9.795264 ], [ 13.279822, 9.795198 ], [ 13.2795, 9.795209 ], [ 13.279143, 9.795298 ], [ 13.27892, 9.795387 ], [ 13.278687, 9.795532 ], [ 13.278442, 9.795554 ], [ 13.278253, 9.795487 ], [ 13.277874, 9.795398 ], [ 13.277473, 9.795198 ], [ 13.277206, 9.795053 ], [ 13.276861, 9.79483 ], [ 13.276593, 9.794418 ], [ 13.276248, 9.793995 ], [ 13.27548, 9.793349 ], [ 13.275324, 9.793227 ], [ 13.275068, 9.793216 ], [ 13.274656, 9.793171 ], [ 13.274233, 9.793182 ], [ 13.273899, 9.793205 ], [ 13.273632, 9.79316 ], [ 13.273454, 9.793049 ], [ 13.273241, 9.792785 ], [ 13.272975, 9.792503 ], [ 13.272919, 9.792203 ], [ 13.272919, 9.791935 ], [ 13.272808, 9.791768 ], [ 13.272519, 9.791624 ], [ 13.272273, 9.791412 ], [ 13.272073, 9.791134 ], [ 13.271973, 9.790789 ], [ 13.271694, 9.790332 ], [ 13.271349, 9.789876 ], [ 13.271149, 9.789575 ], [ 13.270815, 9.789196 ], [ 13.270303, 9.788851 ], [ 13.269935, 9.788428 ], [ 13.269523, 9.788027 ], [ 13.269089, 9.787515 ], [ 13.268677, 9.786958 ], [ 13.268377, 9.786491 ], [ 13.26821, 9.785912 ], [ 13.267887, 9.785389 ], [ 13.267519, 9.78501 ], [ 13.267196, 9.784587 ], [ 13.266773, 9.784064 ], [ 13.26625, 9.78373 ], [ 13.265704, 9.783473 ], [ 13.26507, 9.783073 ], [ 13.264302, 9.782449 ], [ 13.264056, 9.782059 ], [ 13.263578, 9.781336 ], [ 13.262976, 9.78049 ], [ 13.262665, 9.780011 ], [ 13.262609, 9.779766 ], [ 13.262698, 9.778964 ], [ 13.262787, 9.778608 ], [ 13.26281, 9.778252 ], [ 13.262676, 9.777884 ], [ 13.26252, 9.777639 ], [ 13.262264, 9.777472 ], [ 13.262086, 9.777272 ], [ 13.261485, 9.776826 ], [ 13.261262, 9.776715 ], [ 13.261084, 9.776659 ], [ 13.260828, 9.776459 ], [ 13.260549, 9.776214 ], [ 13.26036, 9.776014 ], [ 13.26026, 9.77578 ], [ 13.260237, 9.775535 ], [ 13.260282, 9.775323 ], [ 13.260316, 9.7747 ], [ 13.260293, 9.773943 ], [ 13.260093, 9.773531 ], [ 13.25997, 9.773464 ], [ 13.259837, 9.773475 ], [ 13.259681, 9.773475 ], [ 13.25958, 9.773453 ], [ 13.259469, 9.77333 ], [ 13.259447, 9.773141 ], [ 13.259458, 9.772918 ], [ 13.25948, 9.772673 ], [ 13.259469, 9.772429 ], [ 13.259447, 9.772128 ], [ 13.259603, 9.771349 ], [ 13.259792, 9.770224 ], [ 13.259982, 9.769244 ], [ 13.260104, 9.768654 ], [ 13.260249, 9.768108 ], [ 13.260327, 9.767663 ], [ 13.260427, 9.767218 ], [ 13.260549, 9.766795 ], [ 13.260683, 9.766249 ], [ 13.260672, 9.765603 ], [ 13.260727, 9.764946 ], [ 13.260694, 9.764546 ], [ 13.260594, 9.764367 ], [ 13.260438, 9.764234 ], [ 13.260093, 9.764045 ], [ 13.259641, 9.763786 ], [ 13.259039, 9.763653 ], [ 13.258038, 9.763374 ], [ 13.256946, 9.762929 ], [ 13.256568, 9.762684 ], [ 13.256312, 9.762328 ], [ 13.256156, 9.761982 ], [ 13.256167, 9.761648 ], [ 13.256345, 9.761348 ], [ 13.256679, 9.761058 ], [ 13.257347, 9.760691 ], [ 13.257794, 9.760324 ], [ 13.257882, 9.759912 ], [ 13.25787, 9.759333 ], [ 13.257826, 9.758553 ], [ 13.257781, 9.757963 ], [ 13.257681, 9.757618 ], [ 13.257325, 9.757195 ], [ 13.256946, 9.756705 ], [ 13.256668, 9.756004 ], [ 13.256535, 9.755391 ], [ 13.256334, 9.754189 ], [ 13.256111, 9.752663 ], [ 13.255955, 9.751672 ], [ 13.255822, 9.75057 ], [ 13.2558247, 9.7504394 ], [ 13.255833, 9.750036 ], [ 13.2560719, 9.7494571 ], [ 13.256345, 9.749078 ], [ 13.256757, 9.748521 ], [ 13.257147, 9.747909 ], [ 13.257436, 9.747542 ], [ 13.257648, 9.747308 ], [ 13.258349, 9.74674 ], [ 13.258706, 9.74654 ], [ 13.259039, 9.746361 ], [ 13.25934, 9.746061 ], [ 13.259452, 9.745794 ], [ 13.259429, 9.745526 ], [ 13.259296, 9.745293 ], [ 13.259028, 9.744936 ], [ 13.258872, 9.74458 ], [ 13.258783, 9.744213 ], [ 13.258839, 9.74389 ], [ 13.259229, 9.743255 ], [ 13.259307, 9.742743 ], [ 13.259429, 9.742375 ], [ 13.259652, 9.74193 ], [ 13.259875, 9.74134 ], [ 13.259942, 9.740694 ], [ 13.259908, 9.739915 ], [ 13.259796, 9.738935 ], [ 13.259641, 9.73849 ], [ 13.259362, 9.738089 ], [ 13.259073, 9.737766 ], [ 13.258483, 9.737499 ], [ 13.257893, 9.737187 ], [ 13.257548, 9.736931 ], [ 13.2573705, 9.7366693 ], [ 13.257314, 9.736586 ], [ 13.257024, 9.736062 ], [ 13.256824, 9.735517 ], [ 13.256735, 9.735049 ], [ 13.256857, 9.734582 ], [ 13.257046, 9.733947 ], [ 13.256991, 9.733568 ], [ 13.256891, 9.733156 ], [ 13.256556, 9.732466 ], [ 13.256423, 9.731765 ], [ 13.256089, 9.730751 ], [ 13.255911, 9.730306 ], [ 13.2557607, 9.7300182 ], [ 13.255399, 9.729326 ], [ 13.255053, 9.728625 ], [ 13.254697, 9.727812 ], [ 13.254229, 9.727133 ], [ 13.253795, 9.72661 ], [ 13.253061, 9.726042 ], [ 13.252069, 9.725262 ], [ 13.251368, 9.72465 ], [ 13.250856, 9.72426 ], [ 13.24972, 9.723125 ], [ 13.24913, 9.722457 ], [ 13.248829, 9.7219 ], [ 13.248752, 9.721332 ], [ 13.248818, 9.720898 ], [ 13.249119, 9.72033 ], [ 13.249475, 9.719729 ], [ 13.249854, 9.719139 ], [ 13.250177, 9.718822 ], [ 13.250522, 9.718611 ], [ 13.250934, 9.718522 ], [ 13.251402, 9.718522 ], [ 13.251892, 9.718377 ], [ 13.252203, 9.718099 ], [ 13.252381, 9.717787 ], [ 13.252381, 9.717442 ], [ 13.252125, 9.717086 ], [ 13.251558, 9.716495 ], [ 13.250845, 9.715972 ], [ 13.250143, 9.71536 ], [ 13.249676, 9.714825 ], [ 13.249286, 9.714113 ], [ 13.248919, 9.713534 ], [ 13.248596, 9.712855 ], [ 13.248273, 9.712398 ], [ 13.247883, 9.711908 ], [ 13.247582, 9.711496 ], [ 13.247304, 9.711307 ], [ 13.247015, 9.710505 ], [ 13.24697, 9.710182 ], [ 13.247037, 9.709926 ], [ 13.24736, 9.709637 ], [ 13.247761, 9.709381 ], [ 13.248173, 9.70908 ], [ 13.248685, 9.708535 ], [ 13.249019, 9.708201 ], [ 13.249175, 9.707822 ], [ 13.249375, 9.707221 ], [ 13.249609, 9.706553 ], [ 13.249921, 9.706096 ], [ 13.250455, 9.705395 ], [ 13.251012, 9.704348 ], [ 13.251312, 9.703747 ], [ 13.251736, 9.702511 ], [ 13.251813, 9.701899 ], [ 13.251914, 9.70132 ], [ 13.251992, 9.700752 ], [ 13.251981, 9.700273 ], [ 13.251914, 9.69975 ], [ 13.251725, 9.698981 ], [ 13.251457, 9.698057 ], [ 13.251201, 9.697445 ], [ 13.250878, 9.696899 ], [ 13.250622, 9.696588 ], [ 13.250355, 9.696376 ], [ 13.250076, 9.696365 ], [ 13.249887, 9.696476 ], [ 13.249709, 9.696721 ], [ 13.249553, 9.696799 ], [ 13.249197, 9.696799 ], [ 13.249008, 9.696766 ], [ 13.248658, 9.696677 ], [ 13.248079, 9.696632 ], [ 13.247567, 9.696443 ], [ 13.247189, 9.696087 ], [ 13.246799, 9.69553 ], [ 13.246654, 9.694884 ], [ 13.246654, 9.694328 ], [ 13.246699, 9.693793 ], [ 13.246843, 9.693058 ], [ 13.247044, 9.692401 ], [ 13.247255, 9.6918 ], [ 13.247289, 9.691377 ], [ 13.24711, 9.691065 ], [ 13.246776, 9.690742 ], [ 13.246387, 9.690486 ], [ 13.245852, 9.690297 ], [ 13.245262, 9.690119 ], [ 13.244116, 9.690174 ], [ 13.243369, 9.69013 ], [ 13.242946, 9.690085 ], [ 13.242534, 9.689963 ], [ 13.242223, 9.68974 ], [ 13.241966, 9.689351 ], [ 13.241622, 9.688694 ], [ 13.241009, 9.687892 ], [ 13.24043, 9.687024 ], [ 13.24014, 9.686779 ], [ 13.239784, 9.686645 ], [ 13.239361, 9.686623 ], [ 13.23906, 9.686645 ], [ 13.238838, 9.68679 ], [ 13.238559, 9.687079 ], [ 13.23817, 9.68728 ], [ 13.23778, 9.687369 ], [ 13.236845, 9.687369 ], [ 13.236188, 9.687391 ], [ 13.235709, 9.687302 ], [ 13.234963, 9.687035 ], [ 13.234473, 9.686812 ], [ 13.234017, 9.686578 ], [ 13.233705, 9.6864 ], [ 13.233382, 9.686155 ], [ 13.233171, 9.685821 ], [ 13.23307, 9.685454 ], [ 13.232837, 9.684997 ], [ 13.232703, 9.684607 ], [ 13.232625, 9.684285 ], [ 13.232603, 9.683984 ], [ 13.232514, 9.683672 ], [ 13.232246, 9.683249 ], [ 13.232124, 9.682781 ], [ 13.231857, 9.682214 ], [ 13.231634, 9.68169 ], [ 13.231579, 9.681379 ], [ 13.231623, 9.681156 ], [ 13.231712, 9.680911 ], [ 13.231902, 9.680577 ], [ 13.232035, 9.680232 ], [ 13.232135, 9.67982 ], [ 13.232135, 9.679575 ], [ 13.232046, 9.679297 ], [ 13.231912, 9.679118 ], [ 13.231734, 9.679029 ], [ 13.231545, 9.678963 ], [ 13.231322, 9.678963 ], [ 13.231033, 9.67884 ], [ 13.230476, 9.678406 ], [ 13.230454, 9.678217 ], [ 13.230465, 9.677972 ], [ 13.230654, 9.677704 ], [ 13.231022, 9.677148 ], [ 13.231111, 9.676814 ], [ 13.231133, 9.67644 ], [ 13.231044, 9.676183 ], [ 13.230877, 9.676028 ], [ 13.230588, 9.675849 ], [ 13.230354, 9.67546 ], [ 13.230287, 9.675137 ], [ 13.230376, 9.674836 ], [ 13.230543, 9.674647 ], [ 13.230799, 9.674469 ], [ 13.231222, 9.67409 ], [ 13.231668, 9.673478 ], [ 13.232202, 9.673077 ], [ 13.233048, 9.672398 ], [ 13.234195, 9.67163 ], [ 13.235175, 9.670884 ], [ 13.235809, 9.670227 ], [ 13.236243, 9.669637 ], [ 13.2365, 9.669169 ], [ 13.236867, 9.668401 ], [ 13.237079, 9.667777 ], [ 13.237179, 9.667131 ], [ 13.237134, 9.666597 ], [ 13.236889, 9.666341 ], [ 13.236389, 9.666096 ], [ 13.235765, 9.665918 ], [ 13.235319, 9.665461 ], [ 13.234974, 9.664905 ], [ 13.234785, 9.664281 ], [ 13.234796, 9.663791 ], [ 13.234919, 9.663324 ], [ 13.235208, 9.662845 ], [ 13.235631, 9.662388 ], [ 13.236066, 9.661709 ], [ 13.236466, 9.66103 ], [ 13.236678, 9.660384 ], [ 13.2366, 9.659928 ], [ 13.236121, 9.659349 ], [ 13.235297, 9.658592 ], [ 13.2342033, 9.6573429 ], [ 13.233805, 9.656888 ], [ 13.232937, 9.655975 ], [ 13.232391, 9.655173 ], [ 13.231957, 9.654205 ], [ 13.231478, 9.653303 ], [ 13.230799, 9.65229 ], [ 13.230276, 9.651588 ], [ 13.229474, 9.650853 ], [ 13.228862, 9.650341 ], [ 13.22855, 9.649963 ], [ 13.228416, 9.64925 ], [ 13.228472, 9.648638 ], [ 13.228639, 9.648159 ], [ 13.229252, 9.647491 ], [ 13.229897, 9.647023 ], [ 13.231077, 9.646375 ], [ 13.232113, 9.646052 ], [ 13.232781, 9.645885 ], [ 13.233159, 9.645585 ], [ 13.23346, 9.645217 ], [ 13.233739, 9.644794 ], [ 13.233716, 9.644471 ], [ 13.233572, 9.644215 ], [ 13.233416, 9.643703 ], [ 13.233215, 9.64338 ], [ 13.23287, 9.643213 ], [ 13.232425, 9.643169 ], [ 13.23179, 9.643202 ], [ 13.231211, 9.64318 ], [ 13.230777, 9.642935 ], [ 13.230409, 9.642556 ], [ 13.230309, 9.642033 ], [ 13.230365, 9.641588 ], [ 13.230565, 9.641098 ], [ 13.231011, 9.640574 ], [ 13.231534, 9.640118 ], [ 13.231712, 9.639795 ], [ 13.231712, 9.63945 ], [ 13.231601, 9.639227 ], [ 13.231322, 9.63916 ], [ 13.23091, 9.639094 ], [ 13.23071, 9.638927 ], [ 13.230465, 9.638659 ], [ 13.230332, 9.638385 ], [ 13.230487, 9.637216 ], [ 13.230888, 9.636036 ], [ 13.231545, 9.633676 ], [ 13.231968, 9.631271 ], [ 13.232079, 9.629244 ], [ 13.232427, 9.627292 ], [ 13.233694, 9.624705 ], [ 13.2358527, 9.6217455 ], [ 13.235145, 9.618266 ], [ 13.2340609, 9.614002 ], [ 13.4017783, 9.5249356 ], [ 13.3999199, 9.5290697 ], [ 13.4009019, 9.5311137 ], [ 13.4020617, 9.5345772 ], [ 13.4038133, 9.534555 ], [ 13.4066801, 9.5345187 ], [ 13.4079736, 9.536004 ], [ 13.407524, 9.538224 ], [ 13.4056677, 9.5425159 ], [ 13.4065131, 9.5463001 ], [ 13.4092653, 9.5497433 ], [ 13.410096, 9.5524205 ], [ 13.4114008, 9.554776 ], [ 13.4133345, 9.556491 ], [ 13.4163972, 9.5592976 ], [ 13.4172204, 9.5613424 ], [ 13.4170956, 9.5640317 ], [ 13.4163343, 9.5667292 ], [ 13.4173186, 9.5689308 ], [ 13.4201938, 9.5695267 ], [ 13.4224456, 9.5712364 ], [ 13.4250228, 9.5734177 ], [ 13.4249048, 9.5765815 ], [ 13.4266689, 9.5775071 ], [ 13.4297196, 9.5793655 ], [ 13.4330848, 9.5809041 ], [ 13.4366055, 9.5821228 ], [ 13.438225, 9.5841584 ], [ 13.4400036, 9.5861908 ], [ 13.4424152, 9.5878982 ], [ 13.447535, 9.5895719 ], [ 13.4518498, 9.5906235 ], [ 13.4561728, 9.5923062 ], [ 13.4592341, 9.5949554 ], [ 13.4608516, 9.5969435 ], [ 13.4606415, 9.5969935 ], [ 13.4621638, 9.6013367 ], [ 13.463176, 9.6039909 ], [ 13.4621109, 9.6045368 ], [ 13.4612347, 9.6049855 ], [ 13.4580916, 9.6074499 ], [ 13.4573908, 9.6098839 ], [ 13.45381, 9.6162331 ], [ 13.4509172, 9.619179 ], [ 13.4484905, 9.6204223 ], [ 13.4465496, 9.6214168 ], [ 13.4443862, 9.6241121 ], [ 13.440304, 9.6294983 ], [ 13.435482, 9.6344081 ], [ 13.4296926, 9.6400587 ], [ 13.4204517, 9.6433298 ], [ 13.4141165, 9.6446231 ], [ 13.4058179, 9.6452143 ], [ 13.3972807, 9.6462932 ], [ 13.3951197, 9.6492307 ], [ 13.3937078, 9.6533695 ], [ 13.3886185, 9.6565869 ], [ 13.3840244, 9.6602816 ], [ 13.3796745, 9.6639743 ], [ 13.3780783, 9.6699026 ], [ 13.372867, 9.674406 ], [ 13.3680826, 9.6759299 ], [ 13.363745, 9.6792087 ], [ 13.3606539, 9.6835328 ], [ 13.3632145, 9.6836622 ], [ 13.3653835, 9.683992 ], [ 13.366794, 9.6814688 ], [ 13.3686974, 9.6798931 ], [ 13.3725501, 9.6802025 ], [ 13.3756916, 9.6813553 ], [ 13.3792, 9.6829814 ], [ 13.3868841, 9.6866409 ], [ 13.3915875, 9.6876551 ], [ 13.3944872, 9.6886912 ], [ 13.3974056, 9.69116 ], [ 13.3991174, 9.6932858 ], [ 13.4029883, 9.6950252 ], [ 13.4045937, 9.6982267 ], [ 13.4046561, 9.7029983 ], [ 13.4032647, 9.7069543 ], [ 13.4030426, 9.708389 ], [ 13.4061975, 9.7104961 ], [ 13.4074245, 9.712389 ], [ 13.4096046, 9.7135536 ], [ 13.4121219, 9.7129247 ], [ 13.4134325, 9.7119529 ], [ 13.4151157, 9.7119311 ], [ 13.418623, 9.7134371 ], [ 13.42058, 9.715918 ], [ 13.4273206, 9.7209016 ], [ 13.4295275, 9.724094 ], [ 13.4290951, 9.7277985 ], [ 13.4299606, 9.7295776 ], [ 13.4320299, 9.7314593 ], [ 13.4332562, 9.7332325 ], [ 13.4339266, 9.738474 ], [ 13.4347985, 9.7407298 ], [ 13.436768, 9.7441641 ], [ 13.438007, 9.746892 ], [ 13.4392572, 9.7504551 ], [ 13.4426397, 9.7516048 ], [ 13.446677, 9.7522082 ], [ 13.4488622, 9.7537309 ], [ 13.4498595, 9.7563423 ], [ 13.4518038, 9.7578681 ], [ 13.4532849, 9.7607122 ], [ 13.4544165, 9.7643962 ], [ 13.4526523, 9.7674012 ], [ 13.4524422, 9.769671 ], [ 13.4547639, 9.7723845 ], [ 13.4569747, 9.7758165 ], [ 13.4566473, 9.7783257 ], [ 13.4571455, 9.7796314 ], [ 13.4574246, 9.7824912 ], [ 13.4547866, 9.7831222 ], [ 13.4536077, 9.7849279 ], [ 13.4543532, 9.7867072 ], [ 13.4564092, 9.7875156 ], [ 13.4602411, 9.7907469 ], [ 13.4615877, 9.7925183 ], [ 13.4623429, 9.7950144 ], [ 13.4640573, 9.7972589 ], [ 13.4644485, 9.7995196 ], [ 13.4656684, 9.8008169 ], [ 13.4679568, 9.8010246 ], [ 13.4686976, 9.8024465 ], [ 13.4682484, 9.804839 ], [ 13.4691129, 9.8064983 ], [ 13.4707006, 9.8082664 ], [ 13.4709746, 9.8107688 ], [ 13.4714863, 9.8130279 ], [ 13.4745922, 9.81591 ], [ 13.4775093, 9.8181384 ], [ 13.4803177, 9.8212036 ], [ 13.481557, 9.823931 ], [ 13.4819516, 9.8264318 ], [ 13.4870595, 9.8305395 ], [ 13.4914313, 9.8335825 ], [ 13.4950606, 9.8350854 ], [ 13.498456, 9.8370681 ], [ 13.5002779, 9.8383571 ], [ 13.5021257, 9.8415531 ], [ 13.5042269, 9.8457004 ], [ 13.5049465, 9.849926 ], [ 13.5069176, 9.8533592 ], [ 13.5086262, 9.8551265 ], [ 13.5086637, 9.8551226 ], [ 13.5093916, 9.857488 ], [ 13.5099568, 9.8636837 ], [ 13.5108786, 9.8695174 ], [ 13.5101145, 9.8752541 ], [ 13.5091019, 9.8803979 ], [ 13.5112622, 9.8800104 ], [ 13.5127285, 9.8816613 ], [ 13.5134747, 9.8834414 ], [ 13.5143495, 9.8858149 ], [ 13.516645, 9.8864998 ], [ 13.5188135, 9.8867096 ], [ 13.5194295, 9.8877745 ], [ 13.5211313, 9.8890648 ], [ 13.5217544, 9.8906064 ], [ 13.5227181, 9.8907129 ], [ 13.5241633, 9.8908129 ], [ 13.5251663, 9.8937821 ], [ 13.5262759, 9.8957353 ], [ 13.523789, 9.898632 ], [ 13.5227506, 9.9018677 ], [ 13.5228144, 9.906519 ], [ 13.5220366, 9.9111827 ], [ 13.5196941, 9.9158665 ], [ 13.5141917, 9.9182076 ], [ 13.510147, 9.9216022 ], [ 13.506793, 9.9227217 ], [ 13.5082612, 9.9244909 ], [ 13.5085152, 9.9254422 ], [ 13.5108138, 9.926366 ], [ 13.5094069, 9.929069 ], [ 13.5104106, 9.9320382 ], [ 13.5075462, 9.9337475 ], [ 13.5063707, 9.9357913 ], [ 13.5059285, 9.9386605 ], [ 13.5086862, 9.9379075 ], [ 13.5112062, 9.9373955 ], [ 13.5125425, 9.9383322 ], [ 13.5124499, 9.9403614 ], [ 13.514266, 9.9411722 ], [ 13.5147589, 9.9420008 ], [ 13.5157229, 9.9421073 ], [ 13.516827, 9.9436435 ], [ 13.5188907, 9.9449277 ], [ 13.5192812, 9.9470698 ], [ 13.5169009, 9.9490104 ], [ 13.5189663, 9.9504141 ], [ 13.5218867, 9.9527609 ], [ 13.5212289, 9.957422 ], [ 13.5202915, 9.9592845 ], [ 13.5205556, 9.9609503 ], [ 13.5179281, 9.9624176 ], [ 13.5171088, 9.9640993 ], [ 13.5150948, 9.9663935 ], [ 13.5145065, 9.9673562 ], [ 13.5123588, 9.9686974 ], [ 13.5109117, 9.968478 ], [ 13.5105803, 9.97063 ], [ 13.5087919, 9.9718468 ], [ 13.5082714, 9.9728387 ], [ 13.501873, 9.9721332 ], [ 13.4977758, 9.9717106 ], [ 13.4922898, 9.9753637 ], [ 13.4892978, 9.9765979 ], [ 13.4845292, 9.9798829 ], [ 13.4784343, 9.9830673 ], [ 13.47052, 9.9807872 ], [ 13.4668872, 9.9791664 ], [ 13.4623163, 9.9793461 ], [ 13.4609799, 9.9784103 ], [ 13.4585728, 9.9784425 ], [ 13.4565371, 9.9791856 ], [ 13.4536296, 9.9777928 ], [ 13.4515987, 9.9788932 ], [ 13.4486863, 9.977143 ], [ 13.4460258, 9.9762237 ], [ 13.4445656, 9.9750505 ], [ 13.442894, 9.9760265 ], [ 13.4408366, 9.9752197 ], [ 13.4359568, 9.9748068 ], [ 13.4324409, 9.9729449 ], [ 13.4267836, 9.9729007 ], [ 13.4238955, 9.9729391 ], [ 13.4210042, 9.9727384 ], [ 13.4173893, 9.972429 ], [ 13.4132976, 9.9724833 ], [ 13.4089621, 9.9723017 ], [ 13.4046886, 9.9722387 ], [ 13.3992572, 9.9711177 ], [ 13.393266, 9.9731055 ], [ 13.3899154, 9.9745815 ], [ 13.3858331, 9.9753512 ], [ 13.3827012, 9.9751546 ], [ 13.3799222, 9.9743557 ], [ 13.3765683, 9.9755926 ], [ 13.3705831, 9.9780581 ], [ 13.3671054, 9.9790587 ], [ 13.3637566, 9.9806529 ], [ 13.3601939, 9.9842793 ], [ 13.3568033, 9.987307 ], [ 13.351758, 9.988089 ], [ 13.3470752, 9.9889857 ], [ 13.3419188, 9.990485 ], [ 13.335836, 9.9947407 ], [ 13.3329663, 9.9962101 ], [ 13.3292561, 9.9978099 ], [ 13.3253079, 9.9996518 ], [ 13.3237326, 10.0020221 ], [ 13.2919311, 10.0025462 ], [ 13.2582236, 10.0027421 ], [ 13.2489335, 10.0021893 ] ] ] } },
{ "type": "Feature", "properties": { }, "geometry": { "type": "Polygon", "coordinates": [ [ [ 13.5082714, 9.9728387 ], [ 13.5125953, 9.9729417 ], [ 13.5173979, 9.9721608 ], [ 13.5240843, 9.9726675 ], [ 13.527684, 9.9719028 ], [ 13.5337806, 9.9689567 ], [ 13.5382028, 9.9667491 ], [ 13.5416686, 9.9650314 ], [ 13.5452797, 9.9651016 ], [ 13.548993, 9.9638573 ], [ 13.5508895, 9.9618035 ], [ 13.5512223, 9.9597712 ], [ 13.556382, 9.9500373 ], [ 13.5616079, 9.9407804 ], [ 13.5711019, 9.9226373 ], [ 13.5744708, 9.9140023 ], [ 13.5786565, 9.9121563 ], [ 13.5840894, 9.9135135 ], [ 13.5886652, 9.9138081 ], [ 13.5919835, 9.910184 ], [ 13.5947, 9.906568 ], [ 13.5976391, 9.9016371 ], [ 13.6024383, 9.9007361 ], [ 13.605624, 9.900574 ], [ 13.609672, 9.897536 ], [ 13.6092745, 9.8949164 ], [ 13.60936, 9.8924108 ], [ 13.609305, 9.8884745 ], [ 13.6090009, 9.8839466 ], [ 13.607506, 9.880269 ], [ 13.6078402, 9.8783562 ], [ 13.6097481, 9.8771364 ], [ 13.6129505, 9.8738724 ], [ 13.6147129, 9.8708658 ], [ 13.6153543, 9.8694256 ], [ 13.6157906, 9.8661984 ], [ 13.6152828, 9.8642971 ], [ 13.6130881, 9.8621801 ], [ 13.6135377, 9.8599073 ], [ 13.6142311, 9.8578701 ], [ 13.6134796, 9.8557333 ], [ 13.6117645, 9.8534901 ], [ 13.6094495, 9.8513747 ], [ 13.6099025, 9.8493408 ], [ 13.612044, 9.8476411 ], [ 13.6139445, 9.8459458 ], [ 13.6140368, 9.8439158 ], [ 13.6126975, 9.8427416 ], [ 13.6109936, 9.8413335 ], [ 13.6112097, 9.8395418 ], [ 13.6128715, 9.8379682 ], [ 13.614535, 9.836514 ], [ 13.6131792, 9.8341465 ], [ 13.6118881, 9.8321364 ], [ 13.6113661, 9.8291612 ], [ 13.610496, 9.8271454 ], [ 13.6090132, 9.8243028 ], [ 13.6105486, 9.8222541 ], [ 13.6101647, 9.820589 ], [ 13.6070212, 9.8194394 ], [ 13.6019443, 9.8175992 ], [ 13.5989153, 9.8159711 ], [ 13.5951725, 9.8149478 ], [ 13.596202, 9.8111174 ], [ 13.595782, 9.8068287 ], [ 13.5959433, 9.8011006 ], [ 13.6011265, 9.7975699 ], [ 13.6048542, 9.7975193 ], [ 13.6086737, 9.7954396 ], [ 13.6116701, 9.7946832 ], [ 13.614574, 9.7959556 ], [ 13.6175011, 9.798898 ], [ 13.6189275, 9.7976861 ], [ 13.6193816, 9.7957717 ], [ 13.6200683, 9.7932568 ], [ 13.620027, 9.790275 ], [ 13.6199183, 9.7893754 ], [ 13.6212349, 9.78691 ], [ 13.62374, 9.7854444 ], [ 13.6264887, 9.7842133 ], [ 13.6288723, 9.7826299 ], [ 13.6313508, 9.7792565 ], [ 13.6339525, 9.7761193 ], [ 13.6340101, 9.7715865 ], [ 13.6354181, 9.7690618 ], [ 13.6380285, 9.7665218 ], [ 13.6421175, 9.7665854 ], [ 13.6451217, 9.7664249 ], [ 13.6462976, 9.7644996 ], [ 13.6469808, 9.761747 ], [ 13.6468124, 9.7582903 ], [ 13.64892, 9.7542063 ], [ 13.6528624, 9.7523627 ], [ 13.6569064, 9.7535009 ], [ 13.6674635, 9.7603934 ], [ 13.6815371, 9.7693839 ], [ 13.6960958, 9.7786056 ], [ 13.6987509, 9.7792845 ], [ 13.7057807, 9.7789481 ], [ 13.7095088, 9.7790159 ], [ 13.7194771, 9.7781617 ], [ 13.732223, 9.7782231 ], [ 13.73968, 9.7783568 ], [ 13.7555166, 9.7801625 ], [ 13.7665927, 9.7812005 ], [ 13.7694074, 9.7846193 ], [ 13.7736828, 9.7893291 ], [ 13.7758944, 9.792638 ], [ 13.7784564, 9.7952252 ], [ 13.7840394, 9.7988436 ], [ 13.792753, 9.8027747 ], [ 13.7989423, 9.8067425 ], [ 13.8044276, 9.8119111 ], [ 13.8052659, 9.8158352 ], [ 13.8087333, 9.8228217 ], [ 13.8135098, 9.828835 ], [ 13.8204208, 9.8410196 ], [ 13.8263025, 9.8485683 ], [ 13.830326, 9.8482717 ], [ 13.8331922, 9.8469191 ], [ 13.8373129, 9.8491259 ], [ 13.843753, 9.8536835 ], [ 13.8501595, 9.8559766 ], [ 13.8554472, 9.855781 ], [ 13.8611277, 9.857726 ], [ 13.8647623, 9.859581 ], [ 13.8680188, 9.8602494 ], [ 13.8698998, 9.8573603 ], [ 13.8723981, 9.8555361 ], [ 13.8765938, 9.8546405 ], [ 13.8816411, 9.8544479 ], [ 13.8852598, 9.8552303 ], [ 13.8881626, 9.8563802 ], [ 13.8849361, 9.8577396 ], [ 13.8847252, 9.8597696 ], [ 13.8812, 9.8612517 ], [ 13.8765449, 9.8635849 ], [ 13.8742482, 9.8627833 ], [ 13.8677616, 9.8632344 ], [ 13.8670824, 9.8661061 ], [ 13.865044, 9.8664939 ], [ 13.8620803, 9.8693986 ], [ 13.8584578, 9.8683772 ], [ 13.8547488, 9.869624 ], [ 13.8543286, 9.8655749 ], [ 13.8486619, 9.864584 ], [ 13.84325, 9.8645425 ], [ 13.8405129, 9.8664895 ], [ 13.8388195, 9.8657984 ], [ 13.8363243, 9.8678613 ], [ 13.8324304, 9.8688716 ], [ 13.8310138, 9.8706813 ], [ 13.8303377, 9.8737908 ], [ 13.8273131, 9.8725227 ], [ 13.8254049, 9.8736239 ], [ 13.8249794, 9.8774453 ], [ 13.8193634, 9.8799113 ], [ 13.8189553, 9.8849258 ], [ 13.8152339, 9.8863046 ], [ 13.8139314, 9.8867872 ], [ 13.814104, 9.8903623 ], [ 13.8120653, 9.8907487 ], [ 13.8095785, 9.8934076 ], [ 13.8057808, 9.8969213 ], [ 13.8017275, 9.8993637 ], [ 13.796226, 9.9056445 ], [ 13.7926723, 9.9093914 ], [ 13.7887387, 9.9118332 ], [ 13.7855439, 9.9154566 ], [ 13.7803083, 9.919348 ], [ 13.7783684, 9.9183018 ], [ 13.7754666, 9.9172705 ], [ 13.770878, 9.9160242 ], [ 13.7675072, 9.9158334 ], [ 13.763915, 9.9169573 ], [ 13.7592179, 9.9165474 ], [ 13.7564125, 9.9138445 ], [ 13.7535298, 9.9141243 ], [ 13.7498135, 9.9150109 ], [ 13.7486348, 9.9166977 ], [ 13.7432419, 9.9180859 ], [ 13.7396546, 9.9195679 ], [ 13.7406687, 9.9231315 ], [ 13.7431289, 9.9269135 ], [ 13.7459326, 9.9294971 ], [ 13.7487457, 9.9326779 ], [ 13.7503215, 9.9376646 ], [ 13.7543681, 9.9429733 ], [ 13.752851, 9.9462155 ], [ 13.7508394, 9.9485103 ], [ 13.7490733, 9.9511589 ], [ 13.7486456, 9.9548624 ], [ 13.7460736, 9.9600275 ], [ 13.7438623, 9.9651864 ], [ 13.7408971, 9.968091 ], [ 13.7352539, 9.968888 ], [ 13.732969, 9.9730946 ], [ 13.7275253, 9.9793734 ], [ 13.7252936, 9.9831026 ], [ 13.7214853, 9.9860191 ], [ 13.7186413, 9.9890414 ], [ 13.7189702, 9.9951189 ], [ 13.7190204, 10.0069263 ], [ 13.7180793, 10.0070997 ], [ 13.7109103, 10.0116564 ], [ 13.7065484, 10.0179212 ], [ 13.7067373, 10.0226889 ], [ 13.709572, 10.0272996 ], [ 13.71478, 10.0296113 ], [ 13.7210738, 10.0321451 ], [ 13.7266428, 10.0344514 ], [ 13.7332998, 10.0370992 ], [ 13.7384936, 10.038456 ], [ 13.7423734, 10.0404278 ], [ 13.7476807, 10.0413061 ], [ 13.7517817, 10.0419628 ], [ 13.7525175, 10.0429067 ], [ 13.753042, 10.045881 ], [ 13.7542907, 10.0489631 ], [ 13.7579174, 10.0501043 ], [ 13.7583701, 10.0522445 ], [ 13.759978, 10.0552019 ], [ 13.7615005, 10.0605473 ], [ 13.7608521, 10.0655656 ], [ 13.7579054, 10.0697821 ], [ 13.7550843, 10.0743551 ], [ 13.7520764, 10.0826271 ], [ 13.7500812, 10.09017 ], [ 13.7475658, 10.0991505 ], [ 13.7462392, 10.1071605 ], [ 13.7454809, 10.1128961 ], [ 13.745678, 10.1221959 ], [ 13.7458239, 10.1320925 ], [ 13.7433916, 10.1385679 ], [ 13.7397706, 10.1582996 ], [ 13.741451, 10.1661467 ], [ 13.7433798, 10.1744668 ], [ 13.7436791, 10.1783987 ], [ 13.743261, 10.1826983 ], [ 13.7445267, 10.186854 ], [ 13.7441919, 10.192703 ], [ 13.7464575, 10.1993491 ], [ 13.7463173, 10.2061486 ], [ 13.7437369, 10.2107186 ], [ 13.7443828, 10.213691 ], [ 13.7494774, 10.2162401 ], [ 13.7535969, 10.2179683 ], [ 13.7520443, 10.218826 ], [ 13.7499007, 10.2204079 ], [ 13.7475164, 10.2219934 ], [ 13.7448999, 10.2241783 ], [ 13.7400143, 10.2275886 ], [ 13.7369266, 10.230496 ], [ 13.7356593, 10.2343313 ], [ 13.7361942, 10.2379015 ], [ 13.7380336, 10.2401409 ], [ 13.7392743, 10.2426267 ], [ 13.7415741, 10.2443967 ], [ 13.7372553, 10.2444536 ], [ 13.7324185, 10.245623 ], [ 13.7278933, 10.2491238 ], [ 13.7225201, 10.2515371 ], [ 13.7160452, 10.2545163 ], [ 13.7095804, 10.2581827 ], [ 13.7066865, 10.259461 ], [ 13.7016773, 10.2584338 ], [ 13.6944026, 10.2589518 ], [ 13.6903629, 10.257774 ], [ 13.6854708, 10.2552346 ], [ 13.6805842, 10.2531064 ], [ 13.6777824, 10.2512242 ], [ 13.6747853, 10.2454971 ], [ 13.6735733, 10.2385068 ], [ 13.6730603, 10.2319201 ], [ 13.6695433, 10.2285355 ], [ 13.6643621, 10.2251758 ], [ 13.6558006, 10.2277713 ], [ 13.6484787, 10.2297999 ], [ 13.6430766, 10.2350977 ], [ 13.6385306, 10.237224 ], [ 13.6345284, 10.2386551 ], [ 13.6297006, 10.2405104 ], [ 13.6258551, 10.2431755 ], [ 13.6217185, 10.2448834 ], [ 13.6166248, 10.2475662 ], [ 13.6100013, 10.2499958 ], [ 13.6040473, 10.2507679 ], [ 13.5943959, 10.2548891 ], [ 13.5908195, 10.2570002 ], [ 13.5900774, 10.2572711 ], [ 13.5895086, 10.2561835 ], [ 13.5868068, 10.2525834 ], [ 13.5845466, 10.2461737 ], [ 13.5818133, 10.2403669 ], [ 13.5788428, 10.2348024 ], [ 13.5747179, 10.2327132 ], [ 13.5711716, 10.2289466 ], [ 13.5698793, 10.2228206 ], [ 13.5679998, 10.2177172 ], [ 13.564927, 10.2133463 ], [ 13.5644925, 10.2082238 ], [ 13.5656297, 10.2035549 ], [ 13.5654569, 10.199859 ], [ 13.5643154, 10.1958194 ], [ 13.5673868, 10.1916611 ], [ 13.5713224, 10.1889808 ], [ 13.5761229, 10.1878405 ], [ 13.5789833, 10.1857726 ], [ 13.5842376, 10.1827164 ], [ 13.5899923, 10.1809651 ], [ 13.5940771, 10.1803114 ], [ 13.5983519, 10.1761361 ], [ 13.6037486, 10.1746286 ], [ 13.6096286, 10.1732338 ], [ 13.6190772, 10.1688647 ], [ 13.6227919, 10.1676197 ], [ 13.629736, 10.1648976 ], [ 13.6369722, 10.1657486 ], [ 13.6434585, 10.164703 ], [ 13.6481081, 10.1615353 ], [ 13.6544209, 10.1568528 ], [ 13.6594486, 10.1548732 ], [ 13.6640101, 10.1539731 ], [ 13.6722892, 10.1520665 ], [ 13.678503, 10.1488762 ], [ 13.6845022, 10.1474786 ], [ 13.690382, 10.1462021 ], [ 13.6944499, 10.1444736 ], [ 13.6948758, 10.1406504 ], [ 13.6936216, 10.1372097 ], [ 13.6885512, 10.1362094 ], [ 13.679627, 10.1350836 ], [ 13.6751667, 10.1346705 ], [ 13.6699671, 10.1330744 ], [ 13.6660761, 10.1303866 ], [ 13.6605103, 10.1284382 ], [ 13.6456454, 10.1244147 ], [ 13.636113, 10.1228791 ], [ 13.630329, 10.122484 ], [ 13.6269953, 10.1250354 ], [ 13.6239083, 10.1280612 ], [ 13.6188703, 10.1293257 ], [ 13.6148974, 10.1293219 ], [ 13.6111068, 10.1252004 ], [ 13.6057968, 10.1243203 ], [ 13.5985648, 10.123706 ], [ 13.5933572, 10.1215122 ], [ 13.5867285, 10.1210086 ], [ 13.5845212, 10.1181765 ], [ 13.582146, 10.1120058 ], [ 13.5782295, 10.1074684 ], [ 13.5720083, 10.1017095 ], [ 13.567586, 10.0954486 ], [ 13.5660473, 10.0887892 ], [ 13.5650185, 10.0841516 ], [ 13.5629457, 10.0822708 ], [ 13.5596894, 10.0818391 ], [ 13.5558382, 10.0818924 ], [ 13.5523693, 10.0834913 ], [ 13.5527824, 10.087184 ], [ 13.5538179, 10.0922995 ], [ 13.5536289, 10.0959993 ], [ 13.5537814, 10.098264 ], [ 13.5504186, 10.0988471 ], [ 13.5478658, 10.0970935 ], [ 13.5429026, 10.0951342 ], [ 13.536511, 10.0943273 ], [ 13.5301397, 10.0950114 ], [ 13.5239927, 10.0944996 ], [ 13.5185779, 10.0946935 ], [ 13.5114473, 10.0927036 ], [ 13.5070858, 10.0907354 ], [ 13.5040848, 10.0913728 ], [ 13.499506, 10.0910769 ], [ 13.4952734, 10.089703 ], [ 13.4889817, 10.0874633 ], [ 13.4780923, 10.0835543 ], [ 13.4692821, 10.0820044 ], [ 13.4585586, 10.081374 ], [ 13.4510984, 10.0817127 ], [ 13.4453041, 10.0805981 ], [ 13.4387957, 10.0800895 ], [ 13.4319295, 10.0798233 ], [ 13.4271336, 10.0812598 ], [ 13.4251071, 10.0915484 ], [ 13.4249427, 10.0971582 ], [ 13.4237379, 10.1058846 ], [ 13.4195817, 10.1101163 ], [ 13.4172356, 10.1146822 ], [ 13.4149943, 10.1180528 ], [ 13.4121985, 10.1215165 ], [ 13.3993514, 10.1197684 ], [ 13.3937424, 10.1199152 ], [ 13.3895574, 10.1177457 ], [ 13.3869329, 10.118006 ], [ 13.3858669, 10.118287 ], [ 13.3837069, 10.118857 ], [ 13.3825299, 10.119168 ], [ 13.3742129, 10.119168 ], [ 13.3711549, 10.119046 ], [ 13.3674249, 10.117211 ], [ 13.3652229, 10.115193 ], [ 13.3617379, 10.111034 ], [ 13.3598419, 10.10975 ], [ 13.3564169, 10.109139 ], [ 13.3540939, 10.108466 ], [ 13.3526869, 10.107854 ], [ 13.3506079, 10.108221 ], [ 13.34495, 10.109321 ], [ 13.344583, 10.111094 ], [ 13.344889, 10.114824 ], [ 13.3437514, 10.1165727 ], [ 13.3396777, 10.1140921 ], [ 13.3356366, 10.1106265 ], [ 13.3320388, 10.107155 ], [ 13.3275477, 10.1032554 ], [ 13.3228497, 10.1004589 ], [ 13.3178975, 10.0952459 ], [ 13.3095177, 10.0909572 ], [ 13.305078, 10.088682 ], [ 13.303855, 10.08752 ], [ 13.301287, 10.087092 ], [ 13.300066, 10.08696 ], [ 13.299024, 10.086847 ], [ 13.298107, 10.085838 ], [ 13.297312, 10.082841 ], [ 13.296456, 10.077643 ], [ 13.295844, 10.07483 ], [ 13.296089, 10.070855 ], [ 13.296804, 10.065353 ], [ 13.297067, 10.063334 ], [ 13.297266, 10.058916 ], [ 13.286351, 10.04586 ], [ 13.286037, 10.04586 ], [ 13.285697, 10.045869 ], [ 13.285256, 10.045897 ], [ 13.284851, 10.045938 ], [ 13.284539, 10.045943 ], [ 13.284314, 10.045911 ], [ 13.284126, 10.045833 ], [ 13.283832, 10.045736 ], [ 13.283602, 10.045722 ], [ 13.283296, 10.045675 ], [ 13.283165, 10.045692 ], [ 13.282953, 10.045716 ], [ 13.282708, 10.045814 ], [ 13.28252, 10.045847 ], [ 13.282283, 10.045871 ], [ 13.282054, 10.045839 ], [ 13.281785, 10.045643 ], [ 13.281499, 10.045512 ], [ 13.281246, 10.045373 ], [ 13.280935, 10.045185 ], [ 13.280658, 10.045136 ], [ 13.280331, 10.04503 ], [ 13.280127, 10.044875 ], [ 13.279816, 10.044834 ], [ 13.279433, 10.044761 ], [ 13.278722, 10.044401 ], [ 13.278077, 10.044181 ], [ 13.277277, 10.043797 ], [ 13.27646, 10.043495 ], [ 13.275459, 10.043155 ], [ 13.274784, 10.042806 ], [ 13.274327, 10.042523 ], [ 13.274251, 10.042305 ], [ 13.274044, 10.042011 ], [ 13.273641, 10.041783 ], [ 13.273282, 10.041707 ], [ 13.272618, 10.04167 ], [ 13.272167, 10.041627 ], [ 13.271543, 10.041365 ], [ 13.271093, 10.040973 ], [ 13.270774, 10.040857 ], [ 13.270396, 10.040814 ], [ 13.26999, 10.040668 ], [ 13.269481, 10.040291 ], [ 13.268799, 10.040022 ], [ 13.268538, 10.039848 ], [ 13.267869, 10.039514 ], [ 13.267507, 10.039253 ], [ 13.267158, 10.039108 ], [ 13.266723, 10.03902 ], [ 13.266098, 10.038904 ], [ 13.265779, 10.038832 ], [ 13.265314, 10.038658 ], [ 13.264806, 10.038541 ], [ 13.264458, 10.038498 ], [ 13.264007, 10.038527 ], [ 13.26363, 10.038628 ], [ 13.263223, 10.038759 ], [ 13.262948, 10.03873 ], [ 13.262715, 10.038599 ], [ 13.262454, 10.038483 ], [ 13.262207, 10.038425 ], [ 13.261815, 10.038541 ], [ 13.261176, 10.038672 ], [ 13.260595, 10.038788 ], [ 13.260117, 10.038788 ], [ 13.259535, 10.038672 ], [ 13.258853, 10.038425 ], [ 13.258272, 10.038207 ], [ 13.257953, 10.03799 ], [ 13.257677, 10.037946 ], [ 13.257343, 10.037932 ], [ 13.256995, 10.037815 ], [ 13.256748, 10.03754 ], [ 13.256501, 10.037118 ], [ 13.255949, 10.036596 ], [ 13.255528, 10.036262 ], [ 13.255209, 10.036088 ], [ 13.255165, 10.035913 ], [ 13.255368, 10.035608 ], [ 13.255673, 10.035202 ], [ 13.255703, 10.034897 ], [ 13.255572, 10.034476 ], [ 13.255456, 10.034229 ], [ 13.255281, 10.034171 ], [ 13.254599, 10.034273 ], [ 13.254222, 10.034447 ], [ 13.253481, 10.034766 ], [ 13.252987, 10.034984 ], [ 13.252595, 10.035086 ], [ 13.252029, 10.0351 ], [ 13.251477, 10.035129 ], [ 13.250839, 10.035318 ], [ 13.250374, 10.035405 ], [ 13.250011, 10.035521 ], [ 13.249241, 10.035554 ], [ 13.248603, 10.035583 ], [ 13.24809, 10.035399 ], [ 13.247859, 10.035342 ], [ 13.247763, 10.035318 ], [ 13.247396, 10.035179 ], [ 13.247175, 10.03504 ], [ 13.247004, 10.034869 ], [ 13.246873, 10.034623 ], [ 13.246848, 10.034411 ], [ 13.246906, 10.034215 ], [ 13.24702, 10.034068 ], [ 13.247191, 10.033905 ], [ 13.247404, 10.033872 ], [ 13.247869, 10.033839 ], [ 13.248155, 10.03379 ], [ 13.248368, 10.033684 ], [ 13.24849, 10.033505 ], [ 13.248613, 10.033292 ], [ 13.248711, 10.032949 ], [ 13.248838, 10.0325 ], [ 13.248887, 10.032329 ], [ 13.249083, 10.032092 ], [ 13.249499, 10.031602 ], [ 13.24972, 10.031397 ], [ 13.249949, 10.031185 ], [ 13.250104, 10.030891 ], [ 13.250251, 10.030589 ], [ 13.250272, 10.030538 ], [ 13.250316, 10.030434 ], [ 13.250341, 10.030295 ], [ 13.250341, 10.030083 ], [ 13.250292, 10.029862 ], [ 13.250047, 10.029315 ], [ 13.249834, 10.028804 ], [ 13.249761, 10.028527 ], [ 13.249704, 10.02829 ], [ 13.249704, 10.028094 ], [ 13.249745, 10.027898 ], [ 13.249769, 10.027694 ], [ 13.249736, 10.027514 ], [ 13.24963, 10.027367 ], [ 13.249443, 10.027302 ], [ 13.249255, 10.027293 ], [ 13.249001, 10.027236 ], [ 13.248863, 10.027122 ], [ 13.248797, 10.027016 ], [ 13.248797, 10.026844 ], [ 13.248814, 10.026656 ], [ 13.248805, 10.026518 ], [ 13.248699, 10.026403 ], [ 13.248528, 10.026313 ], [ 13.248389, 10.02615 ], [ 13.248332, 10.026129 ], [ 13.248234, 10.026093 ], [ 13.247988, 10.026036 ], [ 13.247833, 10.025946 ], [ 13.247711, 10.025807 ], [ 13.247637, 10.025603 ], [ 13.247637, 10.025456 ], [ 13.247727, 10.025256 ], [ 13.247858, 10.025101 ], [ 13.247964, 10.024921 ], [ 13.247988, 10.024774 ], [ 13.247899, 10.024496 ], [ 13.247809, 10.024072 ], [ 13.247727, 10.02368 ], [ 13.247744, 10.023426 ], [ 13.247858, 10.023181 ], [ 13.247972, 10.022904 ], [ 13.248026, 10.022726 ], [ 13.248038, 10.022553 ], [ 13.248005, 10.022373 ], [ 13.247874, 10.022136 ], [ 13.247776, 10.021948 ], [ 13.247695, 10.021728 ], [ 13.247686, 10.02154 ], [ 13.247703, 10.021295 ], [ 13.247833, 10.020956 ], [ 13.247988, 10.020499 ], [ 13.248111, 10.02 ], [ 13.248209, 10.01969 ], [ 13.248242, 10.019453 ], [ 13.248348, 10.019257 ], [ 13.24856, 10.018988 ], [ 13.248756, 10.018767 ], [ 13.248985, 10.01862 ], [ 13.24945, 10.018465 ], [ 13.249981, 10.018261 ], [ 13.250586, 10.018048 ], [ 13.250953, 10.017926 ], [ 13.251174, 10.017828 ], [ 13.251279, 10.01773 ], [ 13.251288, 10.017722 ], [ 13.251362, 10.017575 ], [ 13.251411, 10.017395 ], [ 13.25137, 10.017281 ], [ 13.251304, 10.017134 ], [ 13.251329, 10.016893 ], [ 13.251272, 10.016664 ], [ 13.25119, 10.016337 ], [ 13.251035, 10.015954 ], [ 13.250749, 10.015651 ], [ 13.250512, 10.015333 ], [ 13.250243, 10.015063 ], [ 13.249981, 10.014941 ], [ 13.249836, 10.014793 ], [ 13.249753, 10.014426 ], [ 13.249745, 10.014173 ], [ 13.249687, 10.013932 ], [ 13.249575, 10.013833 ], [ 13.24941, 10.013687 ], [ 13.248977, 10.013344 ], [ 13.248683, 10.013148 ], [ 13.248413, 10.01296 ], [ 13.248274, 10.01274 ], [ 13.248185, 10.012503 ], [ 13.248176, 10.012315 ], [ 13.248258, 10.012127 ], [ 13.248332, 10.011939 ], [ 13.248479, 10.011776 ], [ 13.248601, 10.011613 ], [ 13.248617, 10.011384 ], [ 13.248675, 10.011041 ], [ 13.248781, 10.010739 ], [ 13.248887, 10.010416 ], [ 13.248952, 10.009951 ], [ 13.24892, 10.009608 ], [ 13.248846, 10.009306 ], [ 13.248707, 10.008905 ], [ 13.248601, 10.008726 ], [ 13.248405, 10.008383 ], [ 13.248054, 10.008105 ], [ 13.247833, 10.00786 ], [ 13.247703, 10.007558 ], [ 13.247564, 10.007215 ], [ 13.247499, 10.006896 ], [ 13.247417, 10.006545 ], [ 13.24736, 10.006149 ], [ 13.247319, 10.005822 ], [ 13.247294, 10.005553 ], [ 13.247352, 10.005283 ], [ 13.247392, 10.00512 ], [ 13.247368, 10.004842 ], [ 13.24736, 10.004565 ], [ 13.247376, 10.004287 ], [ 13.247433, 10.003903 ], [ 13.247466, 10.003617 ], [ 13.247556, 10.003372 ], [ 13.247768, 10.003021 ], [ 13.247932, 10.002772 ], [ 13.248078, 10.002617 ], [ 13.248258, 10.002527 ], [ 13.248609, 10.002347 ], [ 13.2489335, 10.0021893 ], [ 13.2582236, 10.0027421 ], [ 13.2919311, 10.0025462 ], [ 13.3237326, 10.0020221 ], [ 13.3253079, 9.9996518 ], [ 13.3292561, 9.9978099 ], [ 13.3329663, 9.9962101 ], [ 13.335836, 9.9947407 ], [ 13.3419188, 9.990485 ], [ 13.3470752, 9.9889857 ], [ 13.351758, 9.988089 ], [ 13.3568033, 9.987307 ], [ 13.3601939, 9.9842793 ], [ 13.3637566, 9.9806529 ], [ 13.3671054, 9.9790587 ], [ 13.3705831, 9.9780581 ], [ 13.3765683, 9.9755926 ], [ 13.3799222, 9.9743557 ], [ 13.3827012, 9.9751546 ], [ 13.3858331, 9.9753512 ], [ 13.3899154, 9.9745815 ], [ 13.393266, 9.9731055 ], [ 13.3992572, 9.9711177 ], [ 13.4046886, 9.9722387 ], [ 13.4089621, 9.9723017 ], [ 13.4132976, 9.9724833 ], [ 13.4173893, 9.972429 ], [ 13.4210042, 9.9727384 ], [ 13.4238955, 9.9729391 ], [ 13.4267836, 9.9729007 ], [ 13.4324409, 9.9729449 ], [ 13.4359568, 9.9748068 ], [ 13.4408366, 9.9752197 ], [ 13.442894, 9.9760265 ], [ 13.4445656, 9.9750505 ], [ 13.4460258, 9.9762237 ], [ 13.4486863, 9.977143 ], [ 13.4515987, 9.9788932 ], [ 13.4536296, 9.9777928 ], [ 13.4565371, 9.9791856 ], [ 13.4585728, 9.9784425 ], [ 13.4609799, 9.9784103 ], [ 13.4623163, 9.9793461 ], [ 13.4668872, 9.9791664 ], [ 13.47052, 9.9807872 ], [ 13.4784343, 9.9830673 ], [ 13.4845292, 9.9798829 ], [ 13.4892978, 9.9765979 ], [ 13.4922898, 9.9753637 ], [ 13.4977758, 9.9717106 ], [ 13.501873, 9.9721332 ], [ 13.5082714, 9.9728387 ] ] ] } },
{ "type": "Feature", "properties": { }, "geometry": { "type": "Polygon", "coordinates": [ [ [ 13.8653264, 9.5918594 ], [ 13.8575262, 9.5917489 ], [ 13.8488585, 9.5905591 ], [ 13.8417587, 9.5898236 ], [ 13.8353785, 9.5889586 ], [ 13.8289017, 9.5897646 ], [ 13.8242598, 9.5886373 ], [ 13.8223122, 9.5868751 ], [ 13.8198811, 9.5848819 ], [ 13.8150825, 9.5854254 ], [ 13.8097952, 9.5853806 ], [ 13.8058577, 9.587343 ], [ 13.8026057, 9.5867921 ], [ 13.7980688, 9.5888823 ], [ 13.7937254, 9.5876309 ], [ 13.7895859, 9.5837522 ], [ 13.7795273, 9.5776902 ], [ 13.7742666, 9.5752578 ], [ 13.7705222, 9.5738783 ], [ 13.7660776, 9.5739395 ], [ 13.7657794, 9.574054 ], [ 13.7628506, 9.5751772 ], [ 13.7589004, 9.5763044 ], [ 13.7571638, 9.5723931 ], [ 13.7551999, 9.5694383 ], [ 13.7505834, 9.5658043 ], [ 13.7485745, 9.5682175 ], [ 13.7453822, 9.5719575 ], [ 13.7422814, 9.57367 ], [ 13.7367835, 9.5757726 ], [ 13.7372803, 9.5812528 ], [ 13.7363784, 9.5855588 ], [ 13.7347231, 9.5874893 ], [ 13.7301809, 9.5892216 ], [ 13.7302223, 9.5922029 ], [ 13.7165591, 9.5861869 ], [ 13.6979506, 9.5788071 ], [ 13.6930876, 9.587818 ], [ 13.6898124, 9.5943032 ], [ 13.6844262, 9.6046343 ], [ 13.6802028, 9.6165004 ], [ 13.6759093, 9.6276508 ], [ 13.6673817, 9.6368312 ], [ 13.6585632, 9.6467324 ], [ 13.6542066, 9.6533519 ], [ 13.6500429, 9.6565089 ], [ 13.6457343, 9.6578791 ], [ 13.6411076, 9.6623552 ], [ 13.6377334, 9.6681252 ], [ 13.6214049, 9.6638124 ], [ 13.5790255, 9.6512343 ], [ 13.5310207, 9.6326095 ], [ 13.5096476, 9.624023 ], [ 13.4864226, 9.6151532 ], [ 13.4621109, 9.6045368 ], [ 13.463176, 9.6039909 ], [ 13.4621638, 9.6013367 ], [ 13.4606415, 9.5969935 ], [ 13.4608516, 9.5969435 ], [ 13.4592341, 9.5949554 ], [ 13.4561728, 9.5923062 ], [ 13.4518498, 9.5906235 ], [ 13.447535, 9.5895719 ], [ 13.4424152, 9.5878982 ], [ 13.4400036, 9.5861908 ], [ 13.438225, 9.5841584 ], [ 13.4366055, 9.5821228 ], [ 13.4330848, 9.5809041 ], [ 13.4297196, 9.5793655 ], [ 13.4266689, 9.5775071 ], [ 13.4249048, 9.5765815 ], [ 13.4250228, 9.5734177 ], [ 13.4224456, 9.5712364 ], [ 13.4201938, 9.5695267 ], [ 13.4173186, 9.5689308 ], [ 13.4163343, 9.5667292 ], [ 13.4170956, 9.5640317 ], [ 13.4172204, 9.5613424 ], [ 13.4163972, 9.5592976 ], [ 13.4133345, 9.556491 ], [ 13.4114008, 9.554776 ], [ 13.410096, 9.5524205 ], [ 13.4092653, 9.5497433 ], [ 13.4065131, 9.5463001 ], [ 13.4056677, 9.5425159 ], [ 13.407524, 9.538224 ], [ 13.4079736, 9.536004 ], [ 13.4066801, 9.5345187 ], [ 13.4038133, 9.534555 ], [ 13.4020617, 9.5345772 ], [ 13.4009019, 9.5311137 ], [ 13.3999199, 9.5290697 ], [ 13.4017783, 9.5249356 ], [ 13.4019095, 9.5227208 ], [ 13.4014132, 9.5213042 ], [ 13.4013909, 9.5195649 ], [ 13.401685, 9.5176637 ], [ 13.4003725, 9.5146757 ], [ 13.3992296, 9.512477 ], [ 13.3996463, 9.5103815 ], [ 13.3995007, 9.5087733 ], [ 13.3994926, 9.5081409 ], [ 13.3997788, 9.5056085 ], [ 13.4011915, 9.5040089 ], [ 13.3998912, 9.50197 ], [ 13.3976279, 9.4993107 ], [ 13.3958536, 9.4975934 ], [ 13.3937877, 9.4979362 ], [ 13.3936105, 9.4965156 ], [ 13.3920059, 9.4955865 ], [ 13.391645, 9.4922707 ], [ 13.39126, 9.4870577 ], [ 13.3904252, 9.4840636 ], [ 13.3915201, 9.4824691 ], [ 13.3908569, 9.4804221 ], [ 13.3903225, 9.4760014 ], [ 13.3910767, 9.4726716 ], [ 13.3927898, 9.4696454 ], [ 13.3964992, 9.4668829 ], [ 13.3945234, 9.4653653 ], [ 13.3942758, 9.4642949 ], [ 13.3941221, 9.463085 ], [ 13.3923524, 9.4624135 ], [ 13.3919123, 9.4615454 ], [ 13.3920297, 9.4607351 ], [ 13.3939325, 9.4599367 ], [ 13.393383, 9.4590409 ], [ 13.3915688, 9.4581311 ], [ 13.3914136, 9.4566256 ], [ 13.3920497, 9.4529375 ], [ 13.3930272, 9.4506061 ], [ 13.3913843, 9.4486891 ], [ 13.3900548, 9.4483218 ], [ 13.3887592, 9.4491536 ], [ 13.387529, 9.4486909 ], [ 13.3859771, 9.4470211 ], [ 13.3844199, 9.4461996 ], [ 13.378886, 9.4445285 ], [ 13.37868, 9.4431999 ], [ 13.3780318, 9.4415702 ], [ 13.3765488, 9.4377131 ], [ 13.3753077, 9.4347623 ], [ 13.3748352, 9.4311843 ], [ 13.3733837, 9.4282018 ], [ 13.3701014, 9.4259724 ], [ 13.3698229, 9.4243742 ], [ 13.3702008, 9.4224004 ], [ 13.3692963, 9.4212775 ], [ 13.3678299, 9.4207797 ], [ 13.3680216, 9.4204624 ], [ 13.3683487, 9.4199126 ], [ 13.3687546, 9.4192337 ], [ 13.3690978, 9.4186697 ], [ 13.3693499, 9.4183381 ], [ 13.369637, 9.4181516 ], [ 13.3699521, 9.4180963 ], [ 13.3707923, 9.418124 ], [ 13.3712264, 9.4181171 ], [ 13.3717866, 9.4180549 ], [ 13.3726409, 9.4179305 ], [ 13.3734811, 9.4178684 ], [ 13.3740273, 9.4179305 ], [ 13.3746994, 9.4180273 ], [ 13.3750677, 9.4180791 ], [ 13.3753267, 9.4180445 ], [ 13.3755718, 9.4179167 ], [ 13.3758904, 9.4176093 ], [ 13.3766151, 9.416739 ], [ 13.3782571, 9.4149153 ], [ 13.3784846, 9.4146632 ], [ 13.3786317, 9.4143938 ], [ 13.3786947, 9.4141728 ], [ 13.3787367, 9.4138343 ], [ 13.3787233, 9.4127045 ], [ 13.3787157, 9.4120659 ], [ 13.3787297, 9.4087985 ], [ 13.3787297, 9.405013 ], [ 13.3787227, 9.4036452 ], [ 13.3787577, 9.4033067 ], [ 13.3788277, 9.4028646 ], [ 13.3795917, 9.3998275 ], [ 13.383247, 9.3946181 ], [ 13.3863826, 9.3912211 ], [ 13.3969366, 9.3822354 ], [ 13.4163693, 9.3829417 ], [ 13.4310889, 9.3809409 ], [ 13.436872, 9.3801548 ], [ 13.4512905, 9.374756 ], [ 13.4561814, 9.3709826 ], [ 13.4512934, 9.3661334 ], [ 13.4473794, 9.3606946 ], [ 13.4501395, 9.3591667 ], [ 13.4512413, 9.3598156 ], [ 13.4517633, 9.3603375 ], [ 13.4523752, 9.3606975 ], [ 13.4532571, 9.3613814 ], [ 13.4553449, 9.3623173 ], [ 13.4559388, 9.3628572 ], [ 13.4562628, 9.3630732 ], [ 13.4565867, 9.3632172 ], [ 13.4576666, 9.3632892 ], [ 13.4582785, 9.3629112 ], [ 13.4589265, 9.3626412 ], [ 13.4603663, 9.3623713 ], [ 13.4607803, 9.3623533 ], [ 13.4611222, 9.3624073 ], [ 13.4614462, 9.3626052 ], [ 13.4619501, 9.3631452 ], [ 13.4625441, 9.3636131 ], [ 13.4627241, 9.3639371 ], [ 13.462904, 9.364657 ], [ 13.4648478, 9.3654489 ], [ 13.4651898, 9.3655209 ], [ 13.4655317, 9.3653949 ], [ 13.4661077, 9.364999 ], [ 13.4670796, 9.364621 ], [ 13.4681235, 9.3642971 ], [ 13.4683034, 9.3639731 ], [ 13.4683574, 9.3636131 ], [ 13.4683394, 9.3621733 ], [ 13.4685194, 9.3618853 ], [ 13.4690413, 9.3613634 ], [ 13.4693473, 9.3603375 ], [ 13.4694193, 9.3596356 ], [ 13.4695273, 9.3592936 ], [ 13.4698513, 9.3591856 ], [ 13.4701932, 9.3591496 ], [ 13.4709311, 9.3592036 ], [ 13.4712191, 9.3594016 ], [ 13.4715611, 9.3595096 ], [ 13.472281, 9.3595636 ], [ 13.4732889, 9.3598695 ], [ 13.4735768, 9.3601035 ], [ 13.4740268, 9.3606975 ], [ 13.4742788, 9.3613634 ], [ 13.4745307, 9.3616154 ], [ 13.4748547, 9.3617773 ], [ 13.4755386, 9.3618853 ], [ 13.4762405, 9.3618853 ], [ 13.4769245, 9.3617053 ], [ 13.4772664, 9.3616693 ], [ 13.4783283, 9.3617053 ], [ 13.4790482, 9.3615434 ], [ 13.4800921, 9.3614714 ], [ 13.4823779, 9.3620473 ], [ 13.4833498, 9.3625512 ], [ 13.4840157, 9.3628032 ], [ 13.4847356, 9.3629112 ], [ 13.4851136, 9.3629112 ], [ 13.4857975, 9.3628212 ], [ 13.4861215, 9.3626952 ], [ 13.4869674, 9.3620473 ], [ 13.4874893, 9.3615254 ], [ 13.4879752, 9.3610034 ], [ 13.4886052, 9.3601395 ], [ 13.4889471, 9.3594916 ], [ 13.4890731, 9.3585917 ], [ 13.4888391, 9.3582857 ], [ 13.4884612, 9.3581597 ], [ 13.4879932, 9.3575478 ], [ 13.4874533, 9.3569719 ], [ 13.4862294, 9.356 ], [ 13.4859055, 9.35582 ], [ 13.4850236, 9.3550821 ], [ 13.4843037, 9.3533543 ], [ 13.4831855, 9.3518314 ], [ 13.4815444, 9.350046 ], [ 13.4837799, 9.348607 ], [ 13.4886868, 9.346011 ], [ 13.493868, 9.3450596 ], [ 13.4975503, 9.3452385 ], [ 13.5018578, 9.3448626 ], [ 13.5046934, 9.342306 ], [ 13.5078031, 9.3390886 ], [ 13.5119098, 9.3358409 ], [ 13.5174153, 9.3338685 ], [ 13.5206586, 9.3333017 ], [ 13.5244541, 9.3324794 ], [ 13.5279959, 9.331338 ], [ 13.5286498, 9.3303325 ], [ 13.5284468, 9.3277034 ], [ 13.5281717, 9.3258098 ], [ 13.5285511, 9.3243454 ], [ 13.5297742, 9.3218664 ], [ 13.5333029, 9.3185036 ], [ 13.5336821, 9.3178999 ], [ 13.5356425, 9.3162579 ], [ 13.5363876, 9.3157183 ], [ 13.5366921, 9.3149282 ], [ 13.5365177, 9.3142398 ], [ 13.5356015, 9.3135118 ], [ 13.5329812, 9.3121673 ], [ 13.5313002, 9.3110393 ], [ 13.5306055, 9.310271 ], [ 13.5301695, 9.3094554 ], [ 13.5303543, 9.3083181 ], [ 13.5304657, 9.3066854 ], [ 13.5310072, 9.3046685 ], [ 13.5309374, 9.3037204 ], [ 13.5305961, 9.302927 ], [ 13.5307277, 9.3017207 ], [ 13.5318232, 9.3004722 ], [ 13.5329462, 9.2998416 ], [ 13.5346407, 9.2994968 ], [ 13.5384838, 9.2997727 ], [ 13.5397973, 9.2995829 ], [ 13.5431231, 9.2985154 ], [ 13.5457681, 9.29872 ], [ 13.5481293, 9.2955884 ], [ 13.5499011, 9.2932989 ], [ 13.550937, 9.2943181 ], [ 13.551642, 9.2942724 ], [ 13.5526727, 9.294238 ], [ 13.5536858, 9.2947551 ], [ 13.5551532, 9.2962205 ], [ 13.5558869, 9.2965308 ], [ 13.5588896, 9.2975187 ], [ 13.562523, 9.2968291 ], [ 13.5659818, 9.2956914 ], [ 13.5667853, 9.2919332 ], [ 13.568672, 9.2891749 ], [ 13.5705935, 9.2884508 ], [ 13.5755196, 9.2886232 ], [ 13.580306, 9.2873475 ], [ 13.5823673, 9.2888301 ], [ 13.5826119, 9.2928641 ], [ 13.5840792, 9.2946915 ], [ 13.5861508, 9.295064 ], [ 13.5891818, 9.2919304 ], [ 13.5912024, 9.2917167 ], [ 13.5926457, 9.2939957 ], [ 13.59279, 9.2979839 ], [ 13.5938725, 9.2991234 ], [ 13.5968313, 9.2996931 ], [ 13.6010168, 9.294423 ], [ 13.6053467, 9.2945654 ], [ 13.6075117, 9.2957761 ], [ 13.6120581, 9.2952064 ], [ 13.6141509, 9.2914319 ], [ 13.616388, 9.2905772 ], [ 13.6195633, 9.2913606 ], [ 13.6230994, 9.2900075 ], [ 13.626852, 9.285307 ], [ 13.6306767, 9.283669 ], [ 13.6364499, 9.2868739 ], [ 13.6386149, 9.2868026 ], [ 13.6422953, 9.2844524 ], [ 13.6482128, 9.2815324 ], [ 13.6514603, 9.2818172 ], [ 13.6536974, 9.28431 ], [ 13.6553572, 9.2889392 ], [ 13.6583698, 9.2911321 ], [ 13.6587801, 9.293038 ], [ 13.6581545, 9.2959015 ], [ 13.6539655, 9.2956326 ], [ 13.6528314, 9.2969378 ], [ 13.6537438, 9.2983314 ], [ 13.6568521, 9.3001098 ], [ 13.6595955, 9.3029606 ], [ 13.6662541, 9.3054616 ], [ 13.6724603, 9.3071708 ], [ 13.6755634, 9.3061025 ], [ 13.6754191, 9.3030402 ], [ 13.6775119, 9.2988385 ], [ 13.6803985, 9.2976278 ], [ 13.6838376, 9.2971573 ], [ 13.6866698, 9.3014968 ], [ 13.6886821, 9.3023794 ], [ 13.6927068, 9.3008349 ], [ 13.6950918, 9.301791 ], [ 13.6964334, 9.3042918 ], [ 13.6984457, 9.3056157 ], [ 13.6999736, 9.3067189 ], [ 13.7017624, 9.3070867 ], [ 13.7025449, 9.3084841 ], [ 13.7029176, 9.310801 ], [ 13.7024348, 9.3148837 ], [ 13.7027443, 9.3163022 ], [ 13.7037522, 9.3171986 ], [ 13.704652, 9.3169843 ], [ 13.7058331, 9.3159567 ], [ 13.7075764, 9.3152645 ], [ 13.709237, 9.3158051 ], [ 13.7105965, 9.313435 ], [ 13.7103961, 9.3123583 ], [ 13.7104769, 9.3112353 ], [ 13.7114669, 9.3089552 ], [ 13.7127547, 9.3072194 ], [ 13.7185683, 9.3072428 ], [ 13.7214623, 9.3062236 ], [ 13.72272, 9.3072514 ], [ 13.7251117, 9.3101343 ], [ 13.7294411, 9.3124898 ], [ 13.73133, 9.3151578 ], [ 13.7340298, 9.3184049 ], [ 13.7385231, 9.3196944 ], [ 13.7473456, 9.3205179 ], [ 13.7500082, 9.3217038 ], [ 13.7522719, 9.3233065 ], [ 13.7535066, 9.3251092 ], [ 13.7541484, 9.3303891 ], [ 13.7567655, 9.3336932 ], [ 13.7612301, 9.3402633 ], [ 13.7648864, 9.3427698 ], [ 13.7658101, 9.3434534 ], [ 13.7653097, 9.3447446 ], [ 13.7609607, 9.3464535 ], [ 13.7603064, 9.3475548 ], [ 13.7612686, 9.3487321 ], [ 13.7629235, 9.3493777 ], [ 13.7665413, 9.3489979 ], [ 13.7735461, 9.3474409 ], [ 13.7765866, 9.347289 ], [ 13.7813205, 9.3463396 ], [ 13.7887101, 9.3491498 ], [ 13.7898578, 9.35059 ], [ 13.7920043, 9.3594539 ], [ 13.7951047, 9.3669449 ], [ 13.7974499, 9.3697294 ], [ 13.8005106, 9.3716904 ], [ 13.8038496, 9.3723963 ], [ 13.8065525, 9.3745926 ], [ 13.8132702, 9.3767888 ], [ 13.8150191, 9.3801223 ], [ 13.8174041, 9.3814165 ], [ 13.820266, 9.3825146 ], [ 13.8219753, 9.3843186 ], [ 13.8243602, 9.3883188 ], [ 13.8262682, 9.3906326 ], [ 13.8277787, 9.39126 ], [ 13.8292891, 9.390358 ], [ 13.8323101, 9.3886717 ], [ 13.8355695, 9.3884756 ], [ 13.8379147, 9.390358 ], [ 13.8382327, 9.392515 ], [ 13.8363645, 9.3945934 ], [ 13.8356888, 9.3966719 ], [ 13.836126, 9.3979268 ], [ 13.8394252, 9.4001229 ], [ 13.8447914, 9.4020444 ], [ 13.8479316, 9.4056914 ], [ 13.8494421, 9.4113383 ], [ 13.8507538, 9.415495 ], [ 13.8498395, 9.4198477 ], [ 13.8472558, 9.4252199 ], [ 13.8441156, 9.4273766 ], [ 13.839306, 9.4293764 ], [ 13.8368018, 9.4319644 ], [ 13.8364043, 9.4345916 ], [ 13.8382725, 9.4371796 ], [ 13.8416909, 9.4396891 ], [ 13.8422077, 9.4423162 ], [ 13.8412934, 9.4448649 ], [ 13.8421282, 9.4476489 ], [ 13.8455864, 9.4517659 ], [ 13.8463814, 9.4540009 ], [ 13.8449504, 9.4554516 ], [ 13.8459044, 9.4573336 ], [ 13.8503165, 9.4601567 ], [ 13.8513898, 9.4618427 ], [ 13.8512308, 9.4640383 ], [ 13.8485278, 9.4681944 ], [ 13.8492433, 9.471331 ], [ 13.8468583, 9.4790156 ], [ 13.8468266, 9.4837039 ], [ 13.8482634, 9.4862144 ], [ 13.8473192, 9.4875911 ], [ 13.8437066, 9.4871457 ], [ 13.8421876, 9.4918426 ], [ 13.8441171, 9.4953248 ], [ 13.8439529, 9.4988474 ], [ 13.8419823, 9.5032203 ], [ 13.8420645, 9.5059735 ], [ 13.8446918, 9.5102653 ], [ 13.845636, 9.5162576 ], [ 13.8481813, 9.5239501 ], [ 13.8503981, 9.5268247 ], [ 13.8484276, 9.5333834 ], [ 13.850316, 9.5371485 ], [ 13.855776, 9.5396586 ], [ 13.8594297, 9.5437071 ], [ 13.860415, 9.547877 ], [ 13.8598402, 9.5518039 ], [ 13.8578697, 9.5554474 ], [ 13.8585676, 9.5599005 ], [ 13.8613181, 9.5633415 ], [ 13.8625908, 9.567673 ], [ 13.8627139, 9.5720045 ], [ 13.8644792, 9.5762145 ], [ 13.8657107, 9.5839462 ], [ 13.8667781, 9.5877513 ], [ 13.8667781, 9.5885539 ], [ 13.8667781, 9.5904634 ], [ 13.8653264, 9.5918594 ] ] ] } },
{ "type": "Feature", "properties": { }, "geometry": { "type": "Polygon", "coordinates": [ [ [ 13.9303854, 9.6429364 ], [ 13.9304281, 9.6441579 ], [ 13.93039, 9.6497622 ], [ 13.9294789, 9.6532329 ], [ 13.9310231, 9.6602453 ], [ 13.9313438, 9.6657262 ], [ 13.931671, 9.6716836 ], [ 13.9331571, 9.6747018 ], [ 13.9398313, 9.6791369 ], [ 13.9456698, 9.683941 ], [ 13.949264, 9.6914011 ], [ 13.952154, 9.6999439 ], [ 13.9532009, 9.7057701 ], [ 13.9548457, 9.7195175 ], [ 13.9553417, 9.7286908 ], [ 13.9554738, 9.7376317 ], [ 13.9524035, 9.741313 ], [ 13.9501819, 9.7455181 ], [ 13.9499858, 9.7485019 ], [ 13.9447052, 9.7490553 ], [ 13.9396952, 9.7516325 ], [ 13.9358992, 9.7550257 ], [ 13.9312424, 9.7571201 ], [ 13.927545, 9.7590822 ], [ 13.928819, 9.7639521 ], [ 13.931932, 9.7712987 ], [ 13.9324719, 9.7752858 ], [ 13.9328125, 9.7820766 ], [ 13.9346981, 9.7876541 ], [ 13.9369408, 9.7929863 ], [ 13.9402547, 9.7975886 ], [ 13.9419181, 9.80436 ], [ 13.9428667, 9.8115598 ], [ 13.9432804, 9.8151307 ], [ 13.946469, 9.8193763 ], [ 13.9495095, 9.8217168 ], [ 13.9519895, 9.8268075 ], [ 13.9547051, 9.8315365 ], [ 13.9574136, 9.835789 ], [ 13.9589353, 9.8410716 ], [ 13.9610426, 9.8453328 ], [ 13.9595566, 9.8504817 ], [ 13.9606955, 9.8542806 ], [ 13.9645995, 9.8580388 ], [ 13.9689876, 9.8620274 ], [ 13.9735981, 9.8648207 ], [ 13.9758101, 9.8680076 ], [ 13.975086, 9.8758275 ], [ 13.9767405, 9.881883 ], [ 13.9773239, 9.8886708 ], [ 13.9768304, 9.8958316 ], [ 13.9772684, 9.9009509 ], [ 13.9753321, 9.9080746 ], [ 13.9750435, 9.9128476 ], [ 13.9789516, 9.9168427 ], [ 13.9821517, 9.9216831 ], [ 13.9817411, 9.9263396 ], [ 13.9800227, 9.9319686 ], [ 13.98338, 9.9392511 ], [ 13.9854689, 9.9422007 ], [ 13.9854161, 9.946613 ], [ 13.9869024, 9.9494522 ], [ 13.9912433, 9.9502209 ], [ 13.9963765, 9.9477603 ], [ 14.0014992, 9.9445835 ], [ 14.0066328, 9.9421217 ], [ 14.0108331, 9.9415822 ], [ 14.0125785, 9.9456091 ], [ 14.0135942, 9.9491704 ], [ 14.0186501, 9.9495123 ], [ 14.0219861, 9.9474356 ], [ 14.0246452, 9.9483486 ], [ 14.0254342, 9.9527479 ], [ 14.0249045, 9.9574059 ], [ 14.0239953, 9.9608767 ], [ 14.0205418, 9.9630747 ], [ 14.0187846, 9.9660818 ], [ 14.0189514, 9.9691782 ], [ 14.0211631, 9.9722449 ], [ 14.0238658, 9.9759001 ], [ 14.0230734, 9.9791304 ], [ 14.0204689, 9.9817932 ], [ 14.0181952, 9.9825428 ], [ 14.0157254, 9.9862164 ], [ 14.0140831, 9.9888636 ], [ 14.0115794, 9.990332 ], [ 14.0078828, 9.9924143 ], [ 14.0051723, 9.9960317 ], [ 14.0054881, 10.0009148 ], [ 14.0072824, 10.0081604 ], [ 14.0066507, 10.0140119 ], [ 14.0067304, 10.0191971 ], [ 14.0079575, 10.0207286 ], [ 14.0121827, 10.0217371 ], [ 14.0165265, 10.0226255 ], [ 14.0199244, 10.0246005 ], [ 14.0220347, 10.0288604 ], [ 14.0241444, 10.0330008 ], [ 14.026604, 10.0365399 ], [ 14.026427, 10.0405956 ], [ 14.0241026, 10.0458769 ], [ 14.0230547, 10.0481581 ], [ 14.0228731, 10.0519165 ], [ 14.0241196, 10.0547588 ], [ 14.0272948, 10.0578093 ], [ 14.0308433, 10.06169 ], [ 14.0353543, 10.0655547 ], [ 14.0379201, 10.068139 ], [ 14.0394152, 10.0714538 ], [ 14.0397247, 10.0758602 ], [ 14.0402815, 10.0807393 ], [ 14.0418851, 10.0832785 ], [ 14.0433767, 10.0863545 ], [ 14.0439262, 10.0907572 ], [ 14.0433864, 10.0947001 ], [ 14.0415201, 10.0984234 ], [ 14.0406282, 10.1029676 ], [ 14.0403443, 10.1078595 ], [ 14.0410144, 10.1122604 ], [ 14.042736, 10.1146186 ], [ 14.042537, 10.1173037 ], [ 14.0411122, 10.1185173 ], [ 14.0377707, 10.120238 ], [ 14.0344393, 10.1226738 ], [ 14.0328138, 10.1263946 ], [ 14.0326473, 10.1311654 ], [ 14.0326126, 10.1366495 ], [ 14.0334164, 10.141883 ], [ 14.034578, 10.1468722 ], [ 14.0311622, 10.1516333 ], [ 14.029164, 10.1546446 ], [ 14.0272788, 10.1571777 ], [ 14.0256297, 10.1594683 ], [ 14.0265298, 10.1631493 ], [ 14.0265896, 10.1669636 ], [ 14.0267889, 10.1683619 ], [ 14.0197312, 10.1682184 ], [ 14.0122381, 10.1700705 ], [ 14.003964, 10.1782342 ], [ 14.0000961, 10.1837332 ], [ 14.0102387, 10.1932083 ], [ 14.0100668, 10.1960846 ], [ 14.0090503, 10.1983214 ], [ 14.0081795, 10.2015295 ], [ 14.0050921, 10.2005124 ], [ 14.0022076, 10.2026869 ], [ 13.998263, 10.2057902 ], [ 13.9954891, 10.2052244 ], [ 13.9931981, 10.20602 ], [ 13.9915514, 10.2087838 ], [ 13.9902027, 10.2109347 ], [ 13.9879159, 10.2120343 ], [ 13.9840746, 10.2119411 ], [ 13.9819198, 10.2116699 ], [ 13.9811832, 10.2136594 ], [ 13.9779606, 10.2138608 ], [ 13.9761371, 10.2151065 ], [ 13.9757068, 10.2170901 ], [ 13.9769639, 10.2188973 ], [ 13.9774462, 10.2202597 ], [ 13.9771648, 10.2219367 ], [ 13.9755019, 10.2236362 ], [ 13.9722886, 10.2244458 ], [ 13.970465, 10.2256915 ], [ 13.9703304, 10.2269102 ], [ 13.9680197, 10.2264893 ], [ 13.9620196, 10.2256434 ], [ 13.9558483, 10.2247084 ], [ 13.952374, 10.2242116 ], [ 13.9483481, 10.2238617 ], [ 13.943637, 10.2240708 ], [ 13.9408691, 10.2243867 ], [ 13.9388027, 10.2252428 ], [ 13.934638, 10.2248937 ], [ 13.9303382, 10.2248215 ], [ 13.9256318, 10.2253052 ], [ 13.9189843, 10.2258182 ], [ 13.9139919, 10.2257563 ], [ 13.9080311, 10.2258464 ], [ 13.9026371, 10.2267513 ], [ 13.8971177, 10.2284829 ], [ 13.8943726, 10.23031 ], [ 13.8898104, 10.2312023 ], [ 13.8861094, 10.2340048 ], [ 13.8817152, 10.2368189 ], [ 13.8770251, 10.2383992 ], [ 13.8750754, 10.2378797 ], [ 13.8629784, 10.2402583 ], [ 13.857553, 10.2391035 ], [ 13.8507531, 10.2387928 ], [ 13.844514, 10.238886 ], [ 13.840044, 10.2367555 ], [ 13.8357774, 10.2388799 ], [ 13.8302901, 10.2428072 ], [ 13.8242186, 10.2448209 ], [ 13.8172843, 10.2447865 ], [ 13.8031095, 10.2474689 ], [ 13.7985426, 10.2480863 ], [ 13.7939647, 10.2480166 ], [ 13.7893682, 10.2467109 ], [ 13.7854505, 10.2444327 ], [ 13.781405, 10.2428438 ], [ 13.7760947, 10.2401747 ], [ 13.7650142, 10.2411624 ], [ 13.758824, 10.2445494 ], [ 13.7553354, 10.2477603 ], [ 13.7522786, 10.2473938 ], [ 13.7476533, 10.2441642 ], [ 13.7415741, 10.2443967 ], [ 13.7392743, 10.2426267 ], [ 13.7380336, 10.2401409 ], [ 13.7361942, 10.2379015 ], [ 13.7356593, 10.2343313 ], [ 13.7369266, 10.230496 ], [ 13.7400143, 10.2275886 ], [ 13.7448999, 10.2241783 ], [ 13.7475164, 10.2219934 ], [ 13.7499007, 10.2204079 ], [ 13.7520443, 10.218826 ], [ 13.7535969, 10.2179683 ], [ 13.7494774, 10.2162401 ], [ 13.7443828, 10.213691 ], [ 13.7437369, 10.2107186 ], [ 13.7463173, 10.2061486 ], [ 13.7464575, 10.1993491 ], [ 13.7441919, 10.192703 ], [ 13.7445267, 10.186854 ], [ 13.743261, 10.1826983 ], [ 13.7436791, 10.1783987 ], [ 13.7433798, 10.1744668 ], [ 13.741451, 10.1661467 ], [ 13.7397706, 10.1582996 ], [ 13.7433916, 10.1385679 ], [ 13.7458239, 10.1320925 ], [ 13.745678, 10.1221959 ], [ 13.7454809, 10.1128961 ], [ 13.7462392, 10.1071605 ], [ 13.7475658, 10.0991505 ], [ 13.7500812, 10.09017 ], [ 13.7520764, 10.0826271 ], [ 13.7550843, 10.0743551 ], [ 13.7579054, 10.0697821 ], [ 13.7608521, 10.0655656 ], [ 13.7615005, 10.0605473 ], [ 13.759978, 10.0552019 ], [ 13.7583701, 10.0522445 ], [ 13.7579174, 10.0501043 ], [ 13.7542907, 10.0489631 ], [ 13.753042, 10.045881 ], [ 13.7525175, 10.0429067 ], [ 13.7517817, 10.0419628 ], [ 13.7476807, 10.0413061 ], [ 13.7423734, 10.0404278 ], [ 13.7384936, 10.038456 ], [ 13.7332998, 10.0370992 ], [ 13.7266428, 10.0344514 ], [ 13.7210738, 10.0321451 ], [ 13.71478, 10.0296113 ], [ 13.709572, 10.0272996 ], [ 13.7067373, 10.0226889 ], [ 13.7065484, 10.0179212 ], [ 13.7109103, 10.0116564 ], [ 13.7180793, 10.0070997 ], [ 13.7190204, 10.0069263 ], [ 13.7189702, 9.9951189 ], [ 13.7186413, 9.9890414 ], [ 13.7214853, 9.9860191 ], [ 13.7252936, 9.9831026 ], [ 13.7275253, 9.9793734 ], [ 13.732969, 9.9730946 ], [ 13.7352539, 9.968888 ], [ 13.7408971, 9.968091 ], [ 13.7438623, 9.9651864 ], [ 13.7460736, 9.9600275 ], [ 13.7486456, 9.9548624 ], [ 13.7490733, 9.9511589 ], [ 13.7508394, 9.9485103 ], [ 13.752851, 9.9462155 ], [ 13.7543681, 9.9429733 ], [ 13.7503215, 9.9376646 ], [ 13.7487457, 9.9326779 ], [ 13.7459326, 9.9294971 ], [ 13.7431289, 9.9269135 ], [ 13.7406687, 9.9231315 ], [ 13.7396546, 9.9195679 ], [ 13.7432419, 9.9180859 ], [ 13.7486348, 9.9166977 ], [ 13.7498135, 9.9150109 ], [ 13.7535298, 9.9141243 ], [ 13.7564125, 9.9138445 ], [ 13.7592179, 9.9165474 ], [ 13.763915, 9.9169573 ], [ 13.7675072, 9.9158334 ], [ 13.770878, 9.9160242 ], [ 13.7754666, 9.9172705 ], [ 13.7783684, 9.9183018 ], [ 13.7803083, 9.919348 ], [ 13.7855439, 9.9154566 ], [ 13.7887387, 9.9118332 ], [ 13.7926723, 9.9093914 ], [ 13.796226, 9.9056445 ], [ 13.8017275, 9.8993637 ], [ 13.8057808, 9.8969213 ], [ 13.8095785, 9.8934076 ], [ 13.8120653, 9.8907487 ], [ 13.814104, 9.8903623 ], [ 13.8139314, 9.8867872 ], [ 13.8152339, 9.8863046 ], [ 13.8189553, 9.8849258 ], [ 13.8193634, 9.8799113 ], [ 13.8249794, 9.8774453 ], [ 13.8254049, 9.8736239 ], [ 13.8273131, 9.8725227 ], [ 13.8303377, 9.8737908 ], [ 13.8310138, 9.8706813 ], [ 13.8324304, 9.8688716 ], [ 13.8363243, 9.8678613 ], [ 13.8388195, 9.8657984 ], [ 13.8405129, 9.8664895 ], [ 13.84325, 9.8645425 ], [ 13.8486619, 9.864584 ], [ 13.8543286, 9.8655749 ], [ 13.8547488, 9.869624 ], [ 13.8584578, 9.8683772 ], [ 13.8620803, 9.8693986 ], [ 13.865044, 9.8664939 ], [ 13.8670824, 9.8661061 ], [ 13.8677616, 9.8632344 ], [ 13.8742482, 9.8627833 ], [ 13.8765449, 9.8635849 ], [ 13.8812, 9.8612517 ], [ 13.8847252, 9.8597696 ], [ 13.8849361, 9.8577396 ], [ 13.8881626, 9.8563802 ], [ 13.8852598, 9.8552303 ], [ 13.8816411, 9.8544479 ], [ 13.8765938, 9.8546405 ], [ 13.8723981, 9.8555361 ], [ 13.8698998, 9.8573603 ], [ 13.8680188, 9.8602494 ], [ 13.8647623, 9.859581 ], [ 13.8611277, 9.857726 ], [ 13.8554472, 9.855781 ], [ 13.8501595, 9.8559766 ], [ 13.843753, 9.8536835 ], [ 13.8373129, 9.8491259 ], [ 13.8331922, 9.8469191 ], [ 13.830326, 9.8482717 ], [ 13.8263025, 9.8485683 ], [ 13.8204208, 9.8410196 ], [ 13.8135098, 9.828835 ], [ 13.8087333, 9.8228217 ], [ 13.8052659, 9.8158352 ], [ 13.8044276, 9.8119111 ], [ 13.7989423, 9.8067425 ], [ 13.792753, 9.8027747 ], [ 13.7840394, 9.7988436 ], [ 13.7784564, 9.7952252 ], [ 13.7758944, 9.792638 ], [ 13.7736828, 9.7893291 ], [ 13.7694074, 9.7846193 ], [ 13.7665927, 9.7812005 ], [ 13.7555166, 9.7801625 ], [ 13.73968, 9.7783568 ], [ 13.732223, 9.7782231 ], [ 13.7194771, 9.7781617 ], [ 13.7095088, 9.7790159 ], [ 13.7057807, 9.7789481 ], [ 13.6987509, 9.7792845 ], [ 13.6960958, 9.7786056 ], [ 13.6815371, 9.7693839 ], [ 13.6674635, 9.7603934 ], [ 13.6569064, 9.7535009 ], [ 13.6528624, 9.7523627 ], [ 13.64892, 9.7542063 ], [ 13.6468124, 9.7582903 ], [ 13.6469808, 9.761747 ], [ 13.6462976, 9.7644996 ], [ 13.6451217, 9.7664249 ], [ 13.6421175, 9.7665854 ], [ 13.6380285, 9.7665218 ], [ 13.6354181, 9.7690618 ], [ 13.6340101, 9.7715865 ], [ 13.6339525, 9.7761193 ], [ 13.6313508, 9.7792565 ], [ 13.6288723, 9.7826299 ], [ 13.6264887, 9.7842133 ], [ 13.62374, 9.7854444 ], [ 13.6212349, 9.78691 ], [ 13.6199183, 9.7893754 ], [ 13.6191232, 9.7860463 ], [ 13.6374104, 9.747335 ], [ 13.6466987, 9.7087715 ], [ 13.6377334, 9.6681252 ], [ 13.6411076, 9.6623552 ], [ 13.6457343, 9.6578791 ], [ 13.6500429, 9.6565089 ], [ 13.6542066, 9.6533519 ], [ 13.6585632, 9.6467324 ], [ 13.6673817, 9.6368312 ], [ 13.6759093, 9.6276508 ], [ 13.6802028, 9.6165004 ], [ 13.6844262, 9.6046343 ], [ 13.6898124, 9.5943032 ], [ 13.6930876, 9.587818 ], [ 13.6979506, 9.5788071 ], [ 13.7165591, 9.5861869 ], [ 13.7302223, 9.5922029 ], [ 13.7301809, 9.5892216 ], [ 13.7347231, 9.5874893 ], [ 13.7363784, 9.5855588 ], [ 13.7372803, 9.5812528 ], [ 13.7367835, 9.5757726 ], [ 13.7422814, 9.57367 ], [ 13.7453822, 9.5719575 ], [ 13.7485745, 9.5682175 ], [ 13.7505834, 9.5658043 ], [ 13.7551999, 9.5694383 ], [ 13.7571638, 9.5723931 ], [ 13.7589004, 9.5763044 ], [ 13.7628506, 9.5751772 ], [ 13.7657794, 9.574054 ], [ 13.7660776, 9.5739395 ], [ 13.7705222, 9.5738783 ], [ 13.7742666, 9.5752578 ], [ 13.7795273, 9.5776902 ], [ 13.7895859, 9.5837522 ], [ 13.7937254, 9.5876309 ], [ 13.7980688, 9.5888823 ], [ 13.8026057, 9.5867921 ], [ 13.8058577, 9.587343 ], [ 13.8097952, 9.5853806 ], [ 13.8150825, 9.5854254 ], [ 13.8198811, 9.5848819 ], [ 13.8223122, 9.5868751 ], [ 13.8242598, 9.5886373 ], [ 13.8289017, 9.5897646 ], [ 13.8353785, 9.5889586 ], [ 13.8417587, 9.5898236 ], [ 13.8488585, 9.5905591 ], [ 13.8575262, 9.5917489 ], [ 13.8653264, 9.5918594 ], [ 13.8659649, 9.5956357 ], [ 13.8688676, 9.6010295 ], [ 13.8757893, 9.6049923 ], [ 13.8821654, 9.6127522 ], [ 13.8903675, 9.6170857 ], [ 13.8984195, 9.6380998 ], [ 13.9013129, 9.6418764 ], [ 13.9033461, 9.6422285 ], [ 13.9052273, 9.6428289 ], [ 13.9089962, 9.6422671 ], [ 13.9111282, 9.6420462 ], [ 13.9130379, 9.6405442 ], [ 13.9142353, 9.6396461 ], [ 13.916278, 9.6399518 ], [ 13.9191262, 9.6412801 ], [ 13.9212504, 9.641393 ], [ 13.9227071, 9.6417581 ], [ 13.9260695, 9.642749 ], [ 13.9303854, 9.6429364 ] ] ] } },
{ "type": "Feature", "properties": { }, "geometry": { "type": "Polygon", "coordinates": [ [ [ 13.2340609, 9.614002 ], [ 13.232667, 9.612374 ], [ 13.230318, 9.608993 ], [ 13.228924, 9.606928 ], [ 13.227065, 9.60396 ], [ 13.226214, 9.601817 ], [ 13.225668, 9.600135 ], [ 13.225363, 9.598973 ], [ 13.225305, 9.598102 ], [ 13.225363, 9.597115 ], [ 13.225683, 9.595881 ], [ 13.226118, 9.594908 ], [ 13.226728, 9.59395 ], [ 13.227454, 9.591895 ], [ 13.227855, 9.59072 ], [ 13.228093, 9.590022 ], [ 13.2285, 9.588512 ], [ 13.22863, 9.587111 ], [ 13.228437, 9.585349 ], [ 13.227062, 9.582523 ], [ 13.226186, 9.582253 ], [ 13.225268, 9.582099 ], [ 13.224496, 9.582275 ], [ 13.223899, 9.582362 ], [ 13.223268, 9.58231 ], [ 13.222443, 9.582047 ], [ 13.221882, 9.581678 ], [ 13.221496, 9.581275 ], [ 13.221312, 9.580985 ], [ 13.221259, 9.580722 ], [ 13.221127, 9.580314 ], [ 13.220826, 9.579789 ], [ 13.220493, 9.579152 ], [ 13.220138, 9.578627 ], [ 13.219768, 9.578271 ], [ 13.21939, 9.57782 ], [ 13.219124, 9.577294 ], [ 13.219013, 9.576724 ], [ 13.218955, 9.574746 ], [ 13.218395, 9.57394 ], [ 13.217908, 9.572993 ], [ 13.21775, 9.572085 ], [ 13.21771, 9.570611 ], [ 13.217645, 9.569729 ], [ 13.217605, 9.568729 ], [ 13.217448, 9.568197 ], [ 13.216724, 9.567307 ], [ 13.215718, 9.566087 ], [ 13.21446, 9.564819 ], [ 13.213259, 9.563309 ], [ 13.212194, 9.561547 ], [ 13.211033, 9.55936 ], [ 13.209542, 9.557134 ], [ 13.208187, 9.555933 ], [ 13.206878, 9.555099 ], [ 13.205651, 9.554656 ], [ 13.204587, 9.554636 ], [ 13.20327, 9.554656 ], [ 13.201721, 9.554772 ], [ 13.200366, 9.55483 ], [ 13.199166, 9.554927 ], [ 13.198024, 9.555295 ], [ 13.197036, 9.555914 ], [ 13.196107, 9.556746 ], [ 13.195449, 9.557463 ], [ 13.194771, 9.558179 ], [ 13.194094, 9.558644 ], [ 13.193223, 9.558934 ], [ 13.192661, 9.558992 ], [ 13.191702, 9.558841 ], [ 13.19088, 9.558431 ], [ 13.190028, 9.557579 ], [ 13.188906, 9.556282 ], [ 13.188189, 9.555062 ], [ 13.187202, 9.553494 ], [ 13.185672, 9.551916 ], [ 13.18455, 9.550561 ], [ 13.183505, 9.549284 ], [ 13.182053, 9.548374 ], [ 13.180659, 9.547832 ], [ 13.179323, 9.546941 ], [ 13.17851, 9.546293 ], [ 13.177812, 9.545438 ], [ 13.177387, 9.544918 ], [ 13.176322, 9.544066 ], [ 13.175335, 9.543582 ], [ 13.174231, 9.543118 ], [ 13.172857, 9.542731 ], [ 13.171541, 9.542672 ], [ 13.170805, 9.542692 ], [ 13.169856, 9.542731 ], [ 13.168792, 9.542847 ], [ 13.168114, 9.542924 ], [ 13.167923, 9.542944 ], [ 13.167378, 9.543002 ], [ 13.166856, 9.542905 ], [ 13.166275, 9.542614 ], [ 13.165733, 9.542169 ], [ 13.165268, 9.541472 ], [ 13.164765, 9.54062 ], [ 13.164436, 9.539904 ], [ 13.164126, 9.539227 ], [ 13.163444, 9.538322 ], [ 13.162635, 9.537852 ], [ 13.161861, 9.53762 ], [ 13.160971, 9.53762 ], [ 13.159925, 9.537813 ], [ 13.158977, 9.53822 ], [ 13.158415, 9.538723 ], [ 13.157854, 9.53944 ], [ 13.157157, 9.540253 ], [ 13.156712, 9.540504 ], [ 13.155899, 9.54062 ], [ 13.155168, 9.540655 ], [ 13.155085, 9.540659 ], [ 13.154369, 9.540504 ], [ 13.153498, 9.540214 ], [ 13.152491, 9.539691 ], [ 13.151756, 9.539227 ], [ 13.151159, 9.538768 ], [ 13.151001, 9.538646 ], [ 13.150401, 9.538104 ], [ 13.149917, 9.5376 ], [ 13.149239, 9.537078 ], [ 13.148639, 9.536642 ], [ 13.147439, 9.536236 ], [ 13.146432, 9.535965 ], [ 13.145445, 9.535907 ], [ 13.144167, 9.53579 ], [ 13.142483, 9.535597 ], [ 13.141283, 9.535519 ], [ 13.140239, 9.535375 ], [ 13.140024, 9.535345 ], [ 13.139569, 9.53516 ], [ 13.139405, 9.535093 ], [ 13.138455, 9.534696 ], [ 13.13834, 9.534648 ], [ 13.136888, 9.534009 ], [ 13.136202, 9.533547 ], [ 13.135049, 9.53277 ], [ 13.133907, 9.531609 ], [ 13.132532, 9.530805 ], [ 13.130983, 9.53005 ], [ 13.129977, 9.529586 ], [ 13.129067, 9.528986 ], [ 13.128138, 9.528424 ], [ 13.127576, 9.527727 ], [ 13.127015, 9.527127 ], [ 13.126357, 9.526759 ], [ 13.125853, 9.526508 ], [ 13.125002, 9.526392 ], [ 13.124363, 9.526392 ], [ 13.123047, 9.526721 ], [ 13.121943, 9.526992 ], [ 13.12142, 9.527069 ], [ 13.120646, 9.526953 ], [ 13.11993, 9.526779 ], [ 13.11931, 9.526411 ], [ 13.118478, 9.525946 ], [ 13.117897, 9.525656 ], [ 13.117239, 9.525482 ], [ 13.116464, 9.525617 ], [ 13.115206, 9.525946 ], [ 13.113874, 9.526287 ], [ 13.11357, 9.526287 ], [ 13.113199, 9.526167 ], [ 13.112753, 9.525928 ], [ 13.112234, 9.525568 ], [ 13.111831, 9.52522 ], [ 13.111026, 9.524762 ], [ 13.110274, 9.52449 ], [ 13.109251, 9.524185 ], [ 13.108499, 9.523859 ], [ 13.107694, 9.523336 ], [ 13.106746, 9.522759 ], [ 13.106147, 9.522519 ], [ 13.105733, 9.52241 ], [ 13.105352, 9.522497 ], [ 13.104906, 9.522726 ], [ 13.104437, 9.523031 ], [ 13.103752, 9.52339 ], [ 13.103044, 9.523804 ], [ 13.101922, 9.524055 ], [ 13.101105, 9.524163 ], [ 13.099973, 9.524207 ], [ 13.099026, 9.524185 ], [ 13.098144, 9.524349 ], [ 13.097512, 9.524643 ], [ 13.096673, 9.525231 ], [ 13.096107, 9.525437 ], [ 13.095794, 9.525437 ], [ 13.095378, 9.525437 ], [ 13.094757, 9.525285 ], [ 13.094038, 9.524937 ], [ 13.093363, 9.524555 ], [ 13.092927, 9.524142 ], [ 13.092481, 9.523412 ], [ 13.092324, 9.523187 ], [ 13.092056, 9.522802 ], [ 13.091261, 9.5221 ], [ 13.090782, 9.521751 ], [ 13.090172, 9.521425 ], [ 13.089595, 9.521071 ], [ 13.089018, 9.520559 ], [ 13.088681, 9.520004 ], [ 13.088659, 9.519416 ], [ 13.088757, 9.518936 ], [ 13.088951, 9.518599 ], [ 13.088964, 9.518577 ], [ 13.08916, 9.51837 ], [ 13.089454, 9.51812 ], [ 13.089573, 9.517956 ], [ 13.089595, 9.517619 ], [ 13.089432, 9.517183 ], [ 13.089247, 9.516704 ], [ 13.088801, 9.515927 ], [ 13.088623, 9.515639 ], [ 13.088599, 9.515357 ], [ 13.088623, 9.514891 ], [ 13.088464, 9.514205 ], [ 13.088158, 9.513568 ], [ 13.087754, 9.51272 ], [ 13.087398, 9.512065 ], [ 13.086945, 9.511544 ], [ 13.086516, 9.511238 ], [ 13.086075, 9.511017 ], [ 13.085481, 9.51087 ], [ 13.084783, 9.510833 ], [ 13.083901, 9.510644 ], [ 13.083166, 9.510441 ], [ 13.082492, 9.510258 ], [ 13.081849, 9.510203 ], [ 13.081236, 9.510313 ], [ 13.08074, 9.510429 ], [ 13.080281, 9.510619 ], [ 13.079772, 9.511072 ], [ 13.079454, 9.511443 ], [ 13.079196, 9.511902 ], [ 13.078921, 9.512374 ], [ 13.078719, 9.512815 ], [ 13.07848, 9.513201 ], [ 13.078447, 9.513244 ], [ 13.078265, 9.513483 ], [ 13.077959, 9.513654 ], [ 13.077586, 9.513819 ], [ 13.077334, 9.513838 ], [ 13.076844, 9.513758 ], [ 13.076593, 9.513574 ], [ 13.076336, 9.513336 ], [ 13.076048, 9.513238 ], [ 13.075846, 9.513158 ], [ 13.07568, 9.513025 ], [ 13.075479, 9.512864 ], [ 13.075191, 9.512637 ], [ 13.074817, 9.512484 ], [ 13.074633, 9.512441 ], [ 13.074413, 9.512405 ], [ 13.074149, 9.512343 ], [ 13.073892, 9.512343 ], [ 13.073659, 9.512423 ], [ 13.0735, 9.512496 ], [ 13.073316, 9.512533 ], [ 13.072875, 9.512601 ], [ 13.072434, 9.512692 ], [ 13.071877, 9.512876 ], [ 13.071399, 9.513029 ], [ 13.070799, 9.513274 ], [ 13.070223, 9.513752 ], [ 13.069806, 9.514187 ], [ 13.069329, 9.514352 ], [ 13.068753, 9.514683 ], [ 13.068153, 9.515008 ], [ 13.067515, 9.515014 ], [ 13.066995, 9.51494 ], [ 13.066235, 9.514738 ], [ 13.065868, 9.514567 ], [ 13.065237, 9.514169 ], [ 13.064723, 9.513942 ], [ 13.064171, 9.513697 ], [ 13.063473, 9.513593 ], [ 13.063032, 9.513691 ], [ 13.062924, 9.513731 ], [ 13.062573, 9.513862 ], [ 13.062174, 9.514028 ], [ 13.061874, 9.51415 ], [ 13.061574, 9.514193 ], [ 13.061378, 9.514138 ], [ 13.0612, 9.513979 ], [ 13.061078, 9.51378 ], [ 13.060968, 9.513369 ], [ 13.060772, 9.512891 ], [ 13.060551, 9.512402 ], [ 13.060275, 9.51193 ], [ 13.060049, 9.511513 ], [ 13.059871, 9.511097 ], [ 13.059657, 9.510399 ], [ 13.059479, 9.509891 ], [ 13.059442, 9.509786 ], [ 13.059136, 9.509391 ], [ 13.058744, 9.509072 ], [ 13.058248, 9.508772 ], [ 13.057813, 9.50857 ], [ 13.057256, 9.508472 ], [ 13.056888, 9.508478 ], [ 13.056362, 9.508478 ], [ 13.055896, 9.508527 ], [ 13.055486, 9.508644 ], [ 13.055129, 9.508714 ], [ 13.05483, 9.508772 ], [ 13.054334, 9.508723 ], [ 13.053636, 9.508546 ], [ 13.053017, 9.508258 ], [ 13.052429, 9.507985 ], [ 13.052116, 9.507752 ], [ 13.051761, 9.507397 ], [ 13.051471, 9.507094 ], [ 13.051234, 9.506846 ], [ 13.050787, 9.506295 ], [ 13.050255, 9.505756 ], [ 13.049336, 9.505063 ], [ 13.048815, 9.504898 ], [ 13.048114, 9.504764 ], [ 13.047907, 9.504668 ], [ 13.047614, 9.504612 ], [ 13.047097, 9.50466 ], [ 13.046411, 9.504654 ], [ 13.045884, 9.504703 ], [ 13.045412, 9.504942 ], [ 13.044806, 9.505187 ], [ 13.044389, 9.505395 ], [ 13.04401, 9.505634 ], [ 13.043495, 9.505903 ], [ 13.04295, 9.506081 ], [ 13.042368, 9.506154 ], [ 13.041933, 9.506216 ], [ 13.041333, 9.506142 ], [ 13.04061, 9.506032 ], [ 13.039883, 9.505931 ], [ 13.039447, 9.505931 ], [ 13.039069, 9.505902 ], [ 13.038213, 9.505786 ], [ 13.037501, 9.505887 ], [ 13.037051, 9.506062 ], [ 13.036282, 9.506497 ], [ 13.036253, 9.506508 ], [ 13.035544, 9.506769 ], [ 13.035079, 9.506788 ], [ 13.034673, 9.506595 ], [ 13.034344, 9.506169 ], [ 13.034131, 9.50553 ], [ 13.033821, 9.504388 ], [ 13.033262, 9.503318 ], [ 13.03217, 9.502219 ], [ 13.030965, 9.501441 ], [ 13.029724, 9.500773 ], [ 13.029701, 9.500761 ], [ 13.028885, 9.500216 ], [ 13.028224, 9.499575 ], [ 13.027621, 9.498817 ], [ 13.027526, 9.498621 ], [ 13.027271, 9.498097 ], [ 13.026824, 9.497553 ], [ 13.0222035, 9.4982776 ], [ 13.3365765, 9.3572974 ], [ 13.3421767, 9.3580407 ], [ 13.3434542, 9.3582691 ], [ 13.3443762, 9.3577917 ], [ 13.345621, 9.3562156 ], [ 13.3466582, 9.356236 ], [ 13.347488, 9.3568706 ], [ 13.347841, 9.357879 ], [ 13.3471146, 9.3590404 ], [ 13.3470731, 9.3607188 ], [ 13.3473013, 9.3618856 ], [ 13.346299, 9.3630995 ], [ 13.3430812, 9.3658836 ], [ 13.3413199, 9.3674035 ], [ 13.3422008, 9.3692205 ], [ 13.3448607, 9.3698863 ], [ 13.3475069, 9.3689435 ], [ 13.350459, 9.368886 ], [ 13.3520726, 9.3708049 ], [ 13.3519113, 9.3725852 ], [ 13.3501045, 9.3742346 ], [ 13.3473723, 9.3758931 ], [ 13.3469693, 9.3763712 ], [ 13.3472611, 9.3770575 ], [ 13.3486359, 9.3782201 ], [ 13.3494183, 9.3793778 ], [ 13.350751, 9.380993 ], [ 13.3518323, 9.3818854 ], [ 13.3526604, 9.3832908 ], [ 13.353504, 9.3861514 ], [ 13.3536162, 9.3921949 ], [ 13.3538964, 9.395242 ], [ 13.3540677, 9.3961472 ], [ 13.3543401, 9.3965376 ], [ 13.3552412, 9.3969721 ], [ 13.3557106, 9.3975944 ], [ 13.355696, 9.3985351 ], [ 13.355656, 9.3998002 ], [ 13.3560774, 9.4009665 ], [ 13.3569073, 9.4019016 ], [ 13.3578292, 9.4024158 ], [ 13.3592546, 9.4036732 ], [ 13.3606395, 9.4058291 ], [ 13.361267, 9.4077513 ], [ 13.3631832, 9.4101941 ], [ 13.3634707, 9.4112127 ], [ 13.3637934, 9.4142084 ], [ 13.3648643, 9.415945 ], [ 13.3646875, 9.416925 ], [ 13.3648349, 9.4180723 ], [ 13.3661889, 9.4198669 ], [ 13.3678299, 9.4207797 ], [ 13.3692963, 9.4212775 ], [ 13.3702008, 9.4224004 ], [ 13.3698229, 9.4243742 ], [ 13.3701014, 9.4259724 ], [ 13.3733837, 9.4282018 ], [ 13.3748352, 9.4311843 ], [ 13.3753077, 9.4347623 ], [ 13.3765488, 9.4377131 ], [ 13.3780318, 9.4415702 ], [ 13.37868, 9.4431999 ], [ 13.378886, 9.4445285 ], [ 13.3844199, 9.4461996 ], [ 13.3859771, 9.4470211 ], [ 13.387529, 9.4486909 ], [ 13.3887592, 9.4491536 ], [ 13.3900548, 9.4483218 ], [ 13.3913843, 9.4486891 ], [ 13.3930272, 9.4506061 ], [ 13.3920497, 9.4529375 ], [ 13.3914136, 9.4566256 ], [ 13.3915688, 9.4581311 ], [ 13.393383, 9.4590409 ], [ 13.3939325, 9.4599367 ], [ 13.3920297, 9.4607351 ], [ 13.3919123, 9.4615454 ], [ 13.3923524, 9.4624135 ], [ 13.3941221, 9.463085 ], [ 13.3942758, 9.4642949 ], [ 13.3945234, 9.4653653 ], [ 13.3964992, 9.4668829 ], [ 13.3927898, 9.4696454 ], [ 13.3910767, 9.4726716 ], [ 13.3903225, 9.4760014 ], [ 13.3908569, 9.4804221 ], [ 13.3915201, 9.4824691 ], [ 13.3904252, 9.4840636 ], [ 13.39126, 9.4870577 ], [ 13.391645, 9.4922707 ], [ 13.3920059, 9.4955865 ], [ 13.3936105, 9.4965156 ], [ 13.3937877, 9.4979362 ], [ 13.3958536, 9.4975934 ], [ 13.3976279, 9.4993107 ], [ 13.3998912, 9.50197 ], [ 13.4011915, 9.5040089 ], [ 13.3997788, 9.5056085 ], [ 13.3994926, 9.5081409 ], [ 13.3995007, 9.5087733 ], [ 13.3996463, 9.5103815 ], [ 13.3992296, 9.512477 ], [ 13.4003725, 9.5146757 ], [ 13.401685, 9.5176637 ], [ 13.4013909, 9.5195649 ], [ 13.4014132, 9.5213042 ], [ 13.4019095, 9.5227208 ], [ 13.4017783, 9.5249356 ], [ 13.2340609, 9.614002 ] ] ] } },
{ "type": "Feature", "properties": { }, "geometry": { "type": "Polygon", "coordinates": [ [ [ 13.9750969, 9.6423731 ], [ 14.0003295, 9.6924155 ], [ 14.0209376, 9.7324039 ], [ 14.0991453, 9.7989652 ], [ 14.1294716, 9.8245077 ], [ 14.133448, 9.831152 ], [ 14.13605, 9.83583 ], [ 14.144211, 9.850781 ], [ 14.155656, 9.871487 ], [ 14.1717973, 9.9081862 ], [ 14.2042323, 10.0033094 ], [ 14.2061507, 10.0495337 ], [ 14.2097826, 10.0542161 ], [ 14.2120764, 10.0620641 ], [ 14.2263037, 10.0721893 ], [ 14.216035, 10.0882597 ], [ 14.2092218, 10.0909897 ], [ 14.2004822, 10.0954915 ], [ 14.1815986, 10.1010187 ], [ 14.104295, 10.1261678 ], [ 14.1014741, 10.1190363 ], [ 14.1024142, 10.1162216 ], [ 14.1019494, 10.1142084 ], [ 14.0956285, 10.111097 ], [ 14.0899582, 10.1141169 ], [ 14.0870766, 10.1113715 ], [ 14.0794261, 10.1072313 ], [ 14.0778135, 10.1079678 ], [ 14.0763266, 10.1098312 ], [ 14.0737704, 10.1089618 ], [ 14.071698, 10.1111979 ], [ 14.0708423, 10.1126909 ], [ 14.0685882, 10.1149787 ], [ 14.06854, 10.1180773 ], [ 14.0675175, 10.1189009 ], [ 14.0675175, 10.1205938 ], [ 14.0679823, 10.1210513 ], [ 14.0674246, 10.1236593 ], [ 14.0657514, 10.1258097 ], [ 14.0649148, 10.1250319 ], [ 14.0631768, 10.1245929 ], [ 14.0646824, 10.1275105 ], [ 14.063381, 10.1295236 ], [ 14.0632881, 10.1321773 ], [ 14.0609642, 10.136661 ], [ 14.057339, 10.1394061 ], [ 14.0567812, 10.1494713 ], [ 14.0517617, 10.1562422 ], [ 14.047021, 10.1583467 ], [ 14.0470959, 10.1642207 ], [ 14.0478846, 10.1673261 ], [ 14.0477176, 10.1707658 ], [ 14.0409487, 10.1692403 ], [ 14.0267889, 10.1683619 ], [ 14.0265896, 10.1669636 ], [ 14.0265298, 10.1631493 ], [ 14.0256297, 10.1594683 ], [ 14.0272788, 10.1571777 ], [ 14.029164, 10.1546446 ], [ 14.0311622, 10.1516333 ], [ 14.034578, 10.1468722 ], [ 14.0334164, 10.141883 ], [ 14.0326126, 10.1366495 ], [ 14.0326473, 10.1311654 ], [ 14.0328138, 10.1263946 ], [ 14.0344393, 10.1226738 ], [ 14.0377707, 10.120238 ], [ 14.0411122, 10.1185173 ], [ 14.042537, 10.1173037 ], [ 14.042736, 10.1146186 ], [ 14.0410144, 10.1122604 ], [ 14.0403443, 10.1078595 ], [ 14.0406282, 10.1029676 ], [ 14.0415201, 10.0984234 ], [ 14.0433864, 10.0947001 ], [ 14.0439262, 10.0907572 ], [ 14.0433767, 10.0863545 ], [ 14.0418851, 10.0832785 ], [ 14.0402815, 10.0807393 ], [ 14.0397247, 10.0758602 ], [ 14.0394152, 10.0714538 ], [ 14.0379201, 10.068139 ], [ 14.0353543, 10.0655547 ], [ 14.0308433, 10.06169 ], [ 14.0272948, 10.0578093 ], [ 14.0241196, 10.0547588 ], [ 14.0228731, 10.0519165 ], [ 14.0230547, 10.0481581 ], [ 14.0241026, 10.0458769 ], [ 14.026427, 10.0405956 ], [ 14.026604, 10.0365399 ], [ 14.0241444, 10.0330008 ], [ 14.0220347, 10.0288604 ], [ 14.0199244, 10.0246005 ], [ 14.0165265, 10.0226255 ], [ 14.0121827, 10.0217371 ], [ 14.0079575, 10.0207286 ], [ 14.0067304, 10.0191971 ], [ 14.0066507, 10.0140119 ], [ 14.0072824, 10.0081604 ], [ 14.0054881, 10.0009148 ], [ 14.0051723, 9.9960317 ], [ 14.0078828, 9.9924143 ], [ 14.0115794, 9.990332 ], [ 14.0140831, 9.9888636 ], [ 14.0157254, 9.9862164 ], [ 14.0181952, 9.9825428 ], [ 14.0204689, 9.9817932 ], [ 14.0230734, 9.9791304 ], [ 14.0238658, 9.9759001 ], [ 14.0211631, 9.9722449 ], [ 14.0189514, 9.9691782 ], [ 14.0187846, 9.9660818 ], [ 14.0205418, 9.9630747 ], [ 14.0239953, 9.9608767 ], [ 14.0249045, 9.9574059 ], [ 14.0254342, 9.9527479 ], [ 14.0246452, 9.9483486 ], [ 14.0219861, 9.9474356 ], [ 14.0186501, 9.9495123 ], [ 14.0135942, 9.9491704 ], [ 14.0125785, 9.9456091 ], [ 14.0108331, 9.9415822 ], [ 14.0066328, 9.9421217 ], [ 14.0014992, 9.9445835 ], [ 13.9963765, 9.9477603 ], [ 13.9912433, 9.9502209 ], [ 13.9869024, 9.9494522 ], [ 13.9854161, 9.946613 ], [ 13.9854689, 9.9422007 ], [ 13.98338, 9.9392511 ], [ 13.9800227, 9.9319686 ], [ 13.9817411, 9.9263396 ], [ 13.9821517, 9.9216831 ], [ 13.9789516, 9.9168427 ], [ 13.9750435, 9.9128476 ], [ 13.9753321, 9.9080746 ], [ 13.9772684, 9.9009509 ], [ 13.9768304, 9.8958316 ], [ 13.9773239, 9.8886708 ], [ 13.9767405, 9.881883 ], [ 13.975086, 9.8758275 ], [ 13.9758101, 9.8680076 ], [ 13.9735981, 9.8648207 ], [ 13.9689876, 9.8620274 ], [ 13.9645995, 9.8580388 ], [ 13.9606955, 9.8542806 ], [ 13.9595566, 9.8504817 ], [ 13.9610426, 9.8453328 ], [ 13.9589353, 9.8410716 ], [ 13.9574136, 9.835789 ], [ 13.9547051, 9.8315365 ], [ 13.9519895, 9.8268075 ], [ 13.9495095, 9.8217168 ], [ 13.946469, 9.8193763 ], [ 13.9432804, 9.8151307 ], [ 13.9428667, 9.8115598 ], [ 13.9419181, 9.80436 ], [ 13.9402547, 9.7975886 ], [ 13.9369408, 9.7929863 ], [ 13.9346981, 9.7876541 ], [ 13.9328125, 9.7820766 ], [ 13.9324719, 9.7752858 ], [ 13.931932, 9.7712987 ], [ 13.928819, 9.7639521 ], [ 13.927545, 9.7590822 ], [ 13.9312424, 9.7571201 ], [ 13.9358992, 9.7550257 ], [ 13.9396952, 9.7516325 ], [ 13.9447052, 9.7490553 ], [ 13.9499858, 9.7485019 ], [ 13.9501819, 9.7455181 ], [ 13.9524035, 9.741313 ], [ 13.9554738, 9.7376317 ], [ 13.9553417, 9.7286908 ], [ 13.9548457, 9.7195175 ], [ 13.9532009, 9.7057701 ], [ 13.952154, 9.6999439 ], [ 13.949264, 9.6914011 ], [ 13.9456698, 9.683941 ], [ 13.9398313, 9.6791369 ], [ 13.9331571, 9.6747018 ], [ 13.931671, 9.6716836 ], [ 13.9313438, 9.6657262 ], [ 13.9310231, 9.6602453 ], [ 13.9294789, 9.6532329 ], [ 13.93039, 9.6497622 ], [ 13.9304281, 9.6441579 ], [ 13.9303854, 9.6429364 ], [ 13.9318501, 9.6425656 ], [ 13.9339377, 9.6423952 ], [ 13.939012, 9.6415439 ], [ 13.9417407, 9.6385676 ], [ 13.9455144, 9.6358774 ], [ 13.9485477, 9.6343889 ], [ 13.9526988, 9.6302938 ], [ 13.9553654, 9.6297299 ], [ 13.9577157, 9.6329574 ], [ 13.9642475, 9.6346657 ], [ 13.9750969, 9.6423731 ] ] ] } },
{ "type": "Feature", "properties": { }, "geometry": { "type": "Polygon", "coordinates": [ [ [ 13.4621109, 9.6045368 ], [ 13.4864226, 9.6151532 ], [ 13.5096476, 9.624023 ], [ 13.5310207, 9.6326095 ], [ 13.5790255, 9.6512343 ], [ 13.6214049, 9.6638124 ], [ 13.6377334, 9.6681252 ], [ 13.6466987, 9.7087715 ], [ 13.6374104, 9.747335 ], [ 13.6191232, 9.7860463 ], [ 13.6199183, 9.7893754 ], [ 13.620027, 9.790275 ], [ 13.6200683, 9.7932568 ], [ 13.6193816, 9.7957717 ], [ 13.6189275, 9.7976861 ], [ 13.6175011, 9.798898 ], [ 13.614574, 9.7959556 ], [ 13.6116701, 9.7946832 ], [ 13.6086737, 9.7954396 ], [ 13.6048542, 9.7975193 ], [ 13.6011265, 9.7975699 ], [ 13.5959433, 9.8011006 ], [ 13.595782, 9.8068287 ], [ 13.596202, 9.8111174 ], [ 13.5951725, 9.8149478 ], [ 13.5989153, 9.8159711 ], [ 13.6019443, 9.8175992 ], [ 13.6070212, 9.8194394 ], [ 13.6101647, 9.820589 ], [ 13.6105486, 9.8222541 ], [ 13.6090132, 9.8243028 ], [ 13.610496, 9.8271454 ], [ 13.6113661, 9.8291612 ], [ 13.6118881, 9.8321364 ], [ 13.6131792, 9.8341465 ], [ 13.614535, 9.836514 ], [ 13.6128715, 9.8379682 ], [ 13.6112097, 9.8395418 ], [ 13.6109936, 9.8413335 ], [ 13.6126975, 9.8427416 ], [ 13.6140368, 9.8439158 ], [ 13.6139445, 9.8459458 ], [ 13.612044, 9.8476411 ], [ 13.6099025, 9.8493408 ], [ 13.6094495, 9.8513747 ], [ 13.6117645, 9.8534901 ], [ 13.6134796, 9.8557333 ], [ 13.6142311, 9.8578701 ], [ 13.6135377, 9.8599073 ], [ 13.6130881, 9.8621801 ], [ 13.6152828, 9.8642971 ], [ 13.6157906, 9.8661984 ], [ 13.6153543, 9.8694256 ], [ 13.6147129, 9.8708658 ], [ 13.6129505, 9.8738724 ], [ 13.6097481, 9.8771364 ], [ 13.6078402, 9.8783562 ], [ 13.607506, 9.880269 ], [ 13.6090009, 9.8839466 ], [ 13.609305, 9.8884745 ], [ 13.60936, 9.8924108 ], [ 13.6092745, 9.8949164 ], [ 13.609672, 9.897536 ], [ 13.605624, 9.900574 ], [ 13.6024383, 9.9007361 ], [ 13.5976391, 9.9016371 ], [ 13.5947, 9.906568 ], [ 13.5919835, 9.910184 ], [ 13.5886652, 9.9138081 ], [ 13.5840894, 9.9135135 ], [ 13.5786565, 9.9121563 ], [ 13.5744708, 9.9140023 ], [ 13.5711019, 9.9226373 ], [ 13.5616079, 9.9407804 ], [ 13.556382, 9.9500373 ], [ 13.5512223, 9.9597712 ], [ 13.5508895, 9.9618035 ], [ 13.548993, 9.9638573 ], [ 13.5452797, 9.9651016 ], [ 13.5416686, 9.9650314 ], [ 13.5382028, 9.9667491 ], [ 13.5337806, 9.9689567 ], [ 13.527684, 9.9719028 ], [ 13.5240843, 9.9726675 ], [ 13.5173979, 9.9721608 ], [ 13.5125953, 9.9729417 ], [ 13.5082714, 9.9728387 ], [ 13.5087919, 9.9718468 ], [ 13.5105803, 9.97063 ], [ 13.5109117, 9.968478 ], [ 13.5123588, 9.9686974 ], [ 13.5145065, 9.9673562 ], [ 13.5150948, 9.9663935 ], [ 13.5171088, 9.9640993 ], [ 13.5179281, 9.9624176 ], [ 13.5205556, 9.9609503 ], [ 13.5202915, 9.9592845 ], [ 13.5212289, 9.957422 ], [ 13.5218867, 9.9527609 ], [ 13.5189663, 9.9504141 ], [ 13.5169009, 9.9490104 ], [ 13.5192812, 9.9470698 ], [ 13.5188907, 9.9449277 ], [ 13.516827, 9.9436435 ], [ 13.5157229, 9.9421073 ], [ 13.5147589, 9.9420008 ], [ 13.514266, 9.9411722 ], [ 13.5124499, 9.9403614 ], [ 13.5125425, 9.9383322 ], [ 13.5112062, 9.9373955 ], [ 13.5086862, 9.9379075 ], [ 13.5059285, 9.9386605 ], [ 13.5063707, 9.9357913 ], [ 13.5075462, 9.9337475 ], [ 13.5104106, 9.9320382 ], [ 13.5094069, 9.929069 ], [ 13.5108138, 9.926366 ], [ 13.5085152, 9.9254422 ], [ 13.5082612, 9.9244909 ], [ 13.506793, 9.9227217 ], [ 13.510147, 9.9216022 ], [ 13.5141917, 9.9182076 ], [ 13.5196941, 9.9158665 ], [ 13.5220366, 9.9111827 ], [ 13.5228144, 9.906519 ], [ 13.5227506, 9.9018677 ], [ 13.523789, 9.898632 ], [ 13.5262759, 9.8957353 ], [ 13.5251663, 9.8937821 ], [ 13.5241633, 9.8908129 ], [ 13.5227181, 9.8907129 ], [ 13.5217544, 9.8906064 ], [ 13.5211313, 9.8890648 ], [ 13.5194295, 9.8877745 ], [ 13.5188135, 9.8867096 ], [ 13.516645, 9.8864998 ], [ 13.5143495, 9.8858149 ], [ 13.5134747, 9.8834414 ], [ 13.5127285, 9.8816613 ], [ 13.5112622, 9.8800104 ], [ 13.5091019, 9.8803979 ], [ 13.5101145, 9.8752541 ], [ 13.5108786, 9.8695174 ], [ 13.5099568, 9.8636837 ], [ 13.5093916, 9.857488 ], [ 13.5086637, 9.8551226 ], [ 13.5086262, 9.8551265 ], [ 13.5069176, 9.8533592 ], [ 13.5049465, 9.849926 ], [ 13.5042269, 9.8457004 ], [ 13.5021257, 9.8415531 ], [ 13.5002779, 9.8383571 ], [ 13.498456, 9.8370681 ], [ 13.4950606, 9.8350854 ], [ 13.4914313, 9.8335825 ], [ 13.4870595, 9.8305395 ], [ 13.4819516, 9.8264318 ], [ 13.481557, 9.823931 ], [ 13.4803177, 9.8212036 ], [ 13.4775093, 9.8181384 ], [ 13.4745922, 9.81591 ], [ 13.4714863, 9.8130279 ], [ 13.4709746, 9.8107688 ], [ 13.4707006, 9.8082664 ], [ 13.4691129, 9.8064983 ], [ 13.4682484, 9.804839 ], [ 13.4686976, 9.8024465 ], [ 13.4679568, 9.8010246 ], [ 13.4656684, 9.8008169 ], [ 13.4644485, 9.7995196 ], [ 13.4640573, 9.7972589 ], [ 13.4623429, 9.7950144 ], [ 13.4615877, 9.7925183 ], [ 13.4602411, 9.7907469 ], [ 13.4564092, 9.7875156 ], [ 13.4543532, 9.7867072 ], [ 13.4536077, 9.7849279 ], [ 13.4547866, 9.7831222 ], [ 13.4574246, 9.7824912 ], [ 13.4571455, 9.7796314 ], [ 13.4566473, 9.7783257 ], [ 13.4569747, 9.7758165 ], [ 13.4547639, 9.7723845 ], [ 13.4524422, 9.769671 ], [ 13.4526523, 9.7674012 ], [ 13.4544165, 9.7643962 ], [ 13.4532849, 9.7607122 ], [ 13.4518038, 9.7578681 ], [ 13.4498595, 9.7563423 ], [ 13.4488622, 9.7537309 ], [ 13.446677, 9.7522082 ], [ 13.4426397, 9.7516048 ], [ 13.4392572, 9.7504551 ], [ 13.438007, 9.746892 ], [ 13.436768, 9.7441641 ], [ 13.4347985, 9.7407298 ], [ 13.4339266, 9.738474 ], [ 13.4332562, 9.7332325 ], [ 13.4320299, 9.7314593 ], [ 13.4299606, 9.7295776 ], [ 13.4290951, 9.7277985 ], [ 13.4295275, 9.724094 ], [ 13.4273206, 9.7209016 ], [ 13.42058, 9.715918 ], [ 13.418623, 9.7134371 ], [ 13.4151157, 9.7119311 ], [ 13.4134325, 9.7119529 ], [ 13.4121219, 9.7129247 ], [ 13.4096046, 9.7135536 ], [ 13.4074245, 9.712389 ], [ 13.4061975, 9.7104961 ], [ 13.4030426, 9.708389 ], [ 13.4032647, 9.7069543 ], [ 13.4046561, 9.7029983 ], [ 13.4045937, 9.6982267 ], [ 13.4029883, 9.6950252 ], [ 13.3991174, 9.6932858 ], [ 13.3974056, 9.69116 ], [ 13.3944872, 9.6886912 ], [ 13.3915875, 9.6876551 ], [ 13.3868841, 9.6866409 ], [ 13.3792, 9.6829814 ], [ 13.3756916, 9.6813553 ], [ 13.3725501, 9.6802025 ], [ 13.3686974, 9.6798931 ], [ 13.366794, 9.6814688 ], [ 13.3653835, 9.683992 ], [ 13.3632145, 9.6836622 ], [ 13.3606539, 9.6835328 ], [ 13.363745, 9.6792087 ], [ 13.3680826, 9.6759299 ], [ 13.372867, 9.674406 ], [ 13.3780783, 9.6699026 ], [ 13.3796745, 9.6639743 ], [ 13.3840244, 9.6602816 ], [ 13.3886185, 9.6565869 ], [ 13.3937078, 9.6533695 ], [ 13.3951197, 9.6492307 ], [ 13.3972807, 9.6462932 ], [ 13.4058179, 9.6452143 ], [ 13.4141165, 9.6446231 ], [ 13.4204517, 9.6433298 ], [ 13.4296926, 9.6400587 ], [ 13.435482, 9.6344081 ], [ 13.440304, 9.6294983 ], [ 13.4443862, 9.6241121 ], [ 13.4465496, 9.6214168 ], [ 13.4484905, 9.6204223 ], [ 13.4509172, 9.619179 ], [ 13.45381, 9.6162331 ], [ 13.4573908, 9.6098839 ], [ 13.4580916, 9.6074499 ], [ 13.4612347, 9.6049855 ], [ 13.4621109, 9.6045368 ] ] ] } }
]
}
